image_id,bf_firstorder_Energy,bf_firstorder_Entropy,bf_firstorder_Mean,bf_firstorder_Median,bf_firstorder_RobustMeanAbsoluteDeviation,bf_firstorder_Uniformity,bf_glcm_JointEnergy,bf_glcm_JointEntropy,bf_glcm_Contrast,bf_glcm_Correlation,bf_glrlm_GrayLevelNonUniformity,bf_glrlm_RunLengthNonUniformity,bf_glrlm_RunEntropy,bf_gldm_DependenceEntropy,bf_gldm_DependenceNonUniformity,bf_gldm_GrayLevelNonUniformity,bf_glszm_GrayLevelNonUniformity,bf_glszm_ZoneEntropy,bf_glszm_ZonePercentage,bf_ngtdm_Coarseness,bf_ngtdm_Contrast
002_cropped_energy,308.17264129181086,0.4298666719362199,15.72089313340792,14.0,6.0975787326756,0.0049075539288443,0.0,0.0,0.0,0.0,230.0,11.577894600458816,0.4298666719362199,0.4298666719362199,230.0,230.0,230.0,0.4298666719362199,0.9985834028267796,0.0795045619132093,11.577894600458816
005_cropped_energy,1.3166782006920414,0.6363248284768642,180.46164199192464,187.0,39.91386271870794,0.0009995820756398,0.0,0.0,0.0,0.0,130.0,50.516506594263326,0.6363248284768642,0.6363248284768642,130.0,130.0,130.0,0.6363248284768642,0.0096300904684138,0.0194112541029976,50.516506594263326
007_cropped_energy,0.3362245290272972,0.5986718509876805,203.3510204081633,216.0,31.416326530612245,0.0012548384219634,0.0,0.0,0.0,0.0,64.0,41.35302531907913,0.5986718509876805,0.5986718509876805,64.0,64.0,64.0,0.5986718509876805,0.002096346367759,0.0236110642029985,41.35302531907913
011_cropped_energy,141.18266820453672,0.5419732405059471,39.61828774684165,32.0,17.55830982460444,0.0021697938105792,0.0,0.0,0.0,0.0,145.0,33.13092266614437,0.5419732405059471,0.5419732405059471,145.0,145.0,145.0,0.5419732405059471,0.9962121212121212,0.0292989442383851,33.13092266614437
012_cropped_energy,2.5953094963475585,0.6437708889117072,173.44629014396455,176.0,43.9390919158361,0.0008817525226166,0.0,0.0,0.0,0.0,131.0,52.247252123475576,0.6437708889117072,0.6437708889117072,131.0,131.0,131.0,0.6437708889117072,0.0173362131029517,0.018780311849353,52.247252123475576
013_cropped_energy,3.077431757016532,0.3696484300212598,15.86275659824047,1.0,14.86275659824047,0.011428398896488,0.0,0.0,0.0,0.0,205.0,45.44009334403653,0.3696484300212598,0.3696484300212598,205.0,205.0,205.0,0.3696484300212598,0.0578096745027124,0.0215331177866465,45.44009334403653
021_cropped_energy,250.6581161091888,0.518293622710476,27.159616469261135,23.0,13.17023608089598,0.002361702876082,0.0,0.0,0.0,0.0,94.0,18.957287375672063,0.518293622710476,0.518293622710476,94.0,94.0,94.0,0.518293622710476,0.9818906795148696,0.050107010094919,18.957287375672063
024_cropped_energy,11.18629757785467,0.4771611218499565,40.94773396941209,5.0,38.72940928862074,0.0064412024390607,0.0,0.0,0.0,0.0,223.0,73.58641284824625,0.4771611218499565,0.4771611218499565,223.0,223.0,223.0,0.4771611218499565,0.0754451336988969,0.0134072676485273,73.58641284824625
029_cropped_energy,155.97642445213378,0.4342997754064988,13.25841587237417,9.0,8.637872591855457,0.0048753990791595,0.0,0.0,0.0,0.0,68.0,20.3296013186091,0.4342997754064988,0.4342997754064988,68.0,68.0,68.0,0.4342997754064988,0.9765700923226434,0.0468832016624495,20.3296013186091
045_cropped_energy,323.963936947328,0.509162304525772,26.92952147330013,21.0,13.19712415561363,0.0028574824046682,0.0,0.0,0.0,0.0,96.0,26.21100923873679,0.509162304525772,0.509162304525772,96.0,96.0,96.0,0.509162304525772,0.9932598301795542,0.0367498313357826,26.21100923873679
047_cropped_energy,3.2086889657823914,0.6552877750562396,153.6895661157025,169.0,46.12861570247934,0.0008246117819532,0.0,0.0,0.0,0.0,135.0,57.97932816478511,0.6552877750562396,0.6552877750562396,135.0,135.0,135.0,0.6552877750562396,0.0246668195601763,0.0169550930998409,57.97932816478511
052_cropped_energy,1.6031064975009612,0.6338845768209236,167.8774193548387,179.0,45.93118279569892,0.0010518190460911,0.0,0.0,0.0,0.0,119.0,57.58916439492644,0.6338845768209236,0.6338845768209236,119.0,119.0,119.0,0.6338845768209236,0.0061043649491302,0.0170680024254893,57.58916439492644
065_cropped_energy,348.3427604767397,0.456511534346913,17.50176111564211,14.0,8.65261657868557,0.0039694672479894,0.0,0.0,0.0,0.0,254.0,18.382716520831615,0.456511534346913,0.456511534346913,254.0,254.0,254.0,0.456511534346913,0.9946867784582742,0.0515923554330089,18.382716520831615
066_cropped_energy,3.465990003844675,0.5514434317706993,215.0108423686405,237.0,33.07422852376981,0.0027149307911582,0.0,0.0,0.0,0.0,56.0,51.768095022509335,0.5514434317706993,0.5514434317706993,56.0,56.0,56.0,0.5514434317706993,0.0307696255806195,0.0189508451948744,51.768095022509335
068_cropped_energy,234.51680123029604,0.415089380602524,12.999084665303132,12.0,5.387173951468324,0.0053767012841707,0.0,0.0,0.0,0.0,206.0,10.155908104623949,0.415089380602524,0.415089380602524,206.0,206.0,206.0,0.415089380602524,0.9996340001262068,0.0896386014138567,10.155908104623949
072_cropped_energy,2.6008458285274894,0.5528036323817911,62.10134436401241,16.0,60.52740434332989,0.0040083955361897,0.0,0.0,0.0,0.0,224.0,76.08759218044905,0.5528036323817911,0.5528036323817911,224.0,224.0,224.0,0.5528036323817911,0.0173621085894857,0.0129722562570013,76.08759218044905
075_cropped_energy,4.055301806997309,0.657217539831745,171.53231492361928,185.0,47.42303172737955,0.0007819545311409,0.0,0.0,0.0,0.0,133.0,58.19954861909862,0.657217539831745,0.657217539831745,133.0,133.0,133.0,0.657217539831745,0.0151508857303937,0.0168920206881,58.19954861909862
078_cropped_energy,8.732241445597847,0.6474079743213147,115.50443734469292,96.0,58.98686545970891,0.0008905446238426,0.0,0.0,0.0,0.0,128.0,68.23900654602747,0.6474079743213147,0.6474079743213147,128.0,128.0,128.0,0.6474079743213147,0.0371146245059288,0.0144427259991842,68.23900654602747
080_cropped_energy,32.01825451749327,0.5513806383250917,54.918199373199535,9.0,51.43866535819431,0.0036504536244364,0.0,0.0,0.0,0.0,228.0,76.2793430875805,0.5513806383250917,0.5513806383250917,228.0,228.0,228.0,0.5513806383250917,0.3101704567770315,0.0129400685881439,76.2793430875805
082_cropped_energy,142.03578623606305,0.462848393475171,18.09055501460565,14.0,11.11291177803272,0.0037522281167518,0.0,0.0,0.0,0.0,93.0,25.438385562990504,0.462848393475171,0.462848393475171,93.0,93.0,93.0,0.462848393475171,0.9897992289782052,0.0378237921380433,25.438385562990504
083_cropped_energy,1.808089196462899,0.606324231825352,104.83965640658556,110.0,35.800286327845384,0.0015213943652616,0.0,0.0,0.0,0.0,137.0,45.700294104076086,0.606324231825352,0.606324231825352,137.0,137.0,137.0,0.606324231825352,0.0094363837777957,0.0214131413770415,45.700294104076086
084_cropped_energy,8.732241445597847,0.6474079743213147,115.50443734469292,96.0,58.98686545970891,0.0008905446238426,0.0,0.0,0.0,0.0,128.0,68.23900654602747,0.6474079743213147,0.6474079743213147,128.0,128.0,128.0,0.6474079743213147,0.0365578280730897,0.0144427259991842,68.23900654602747
085_cropped_energy,122.038954248366,0.4621283553362449,18.027273660556425,13.0,10.333785803095806,0.0038399706577751,0.0,0.0,0.0,0.0,64.0,24.54668918426802,0.4621283553362449,0.4621283553362449,64.0,64.0,64.0,0.4621283553362449,0.9960913976662008,0.0391440156016699,24.54668918426802
087_cropped_energy,0.5248289119569396,0.6323056295414529,182.0352564102564,190.5,34.72115384615385,0.0010250040380463,0.0,0.0,0.0,0.0,118.0,46.79505960183598,0.6323056295414529,0.6323056295414529,118.0,118.0,118.0,0.6323056295414529,0.0024547986593022,0.0209226645668119,46.79505960183598
089_cropped_energy,253.68261437908495,0.468354718889946,32.35038796740925,26.0,11.467435382329,0.0044775524498501,0.0,0.0,0.0,0.0,182.0,30.145136886242565,0.468354718889946,0.468354718889946,182.0,182.0,182.0,0.468354718889946,0.9951100244498776,0.0321077413675365,30.145136886242565
091_cropped_energy,5.860991926182238,0.4155846327659929,17.024592454587797,3.0,15.105170004657662,0.0091102542008563,0.0,0.0,0.0,0.0,222.0,35.85758913291528,0.4155846327659929,0.4155846327659929,222.0,222.0,222.0,0.4155846327659929,0.1257909538317319,0.0271314544311027,35.85758913291528
093_cropped_energy,336.10823529411766,0.4162915321490223,13.194901647725745,12.0,5.531604581700108,0.0054917250689204,0.0,0.0,0.0,0.0,192.0,12.739039485775994,0.4162915321490223,0.4162915321490223,192.0,192.0,192.0,0.4162915321490223,0.9973787797459296,0.072785291943829,12.739039485775994
095_cropped_energy,3.0508573625528643,0.6327454602703999,189.50514285714289,209.0,39.13485714285714,0.0010338982890411,0.0,0.0,0.0,0.0,128.0,50.3709749400204,0.6327454602703999,0.6327454602703999,128.0,128.0,128.0,0.6327454602703999,0.0121962268358806,0.019466245310072,50.3709749400204
096_cropped_energy,179.33344098423683,0.5578269465789456,34.14874882779725,26.0,23.04617738512413,0.0019008114188626,0.0,0.0,0.0,0.0,40.0,28.23040912294649,0.5578269465789456,0.5578269465789456,40.0,40.0,40.0,0.5578269465789456,0.9956754631677232,0.0342109477768129,28.23040912294649
097_cropped_energy,461.6744482891196,0.4756632378668889,28.49075733465169,21.0,13.28099170361673,0.0037845951542904,0.0,0.0,0.0,0.0,183.0,35.796969512203084,0.4756632378668889,0.4756632378668889,183.0,183.0,183.0,0.4756632378668889,0.9959225750861644,0.0271761510052714,35.796969512203084
099_cropped_energy,4.392895040369089,0.6555509719645469,149.1895557816209,146.0,41.023397761953206,0.0008533042398047,0.0,0.0,0.0,0.0,123.0,52.699584420952405,0.6555509719645469,0.6555509719645469,123.0,123.0,123.0,0.6555509719645469,0.0302018577880646,0.0186221180439866,52.699584420952405
103_cropped_energy,1.940315263360246,0.6474752135981592,173.69529837251355,174.0,45.62296564195298,0.0008059046749105,0.0,0.0,0.0,0.0,75.0,54.68732687847803,0.6474752135981592,0.6474752135981592,75.0,75.0,75.0,0.6474752135981592,0.0103655107778819,0.0179574071167434,54.68732687847803
111_cropped_energy,197.078062283737,0.4452933369818507,18.31617444818813,17.0,6.721902289761397,0.0042818589966936,0.0,0.0,0.0,0.0,104.0,9.785194881832105,0.4452933369818507,0.4452933369818507,104.0,104.0,104.0,0.4452933369818507,0.9993815283122596,0.0927196968581923,9.785194881832105
113_cropped_energy,1.2817993079584775,0.4815613335336938,54.68200202224469,2.0,53.35035389282103,0.006627228143388,0.0,0.0,0.0,0.0,167.0,83.63837422927877,0.4815613335336938,0.4815613335336938,167.0,167.0,167.0,0.4815613335336938,0.0366052261455326,0.0118149717442714,83.63837422927877
114_cropped_energy,2.573133410226836,0.5610825973344373,62.77417053157331,20.0,60.62219051016768,0.0037515425158854,0.0,0.0,0.0,0.0,230.0,74.67829935502112,0.5610825973344373,0.5610825973344373,230.0,230.0,230.0,0.5610825973344373,0.0287829622936005,0.0132138275902423,74.67829935502112
115_cropped_energy,240.61710111495577,0.5364381547730233,39.48984393090353,34.0,15.439216412726347,0.0021723261003251,0.0,0.0,0.0,0.0,96.0,24.993617693890084,0.5364381547730233,0.5364381547730233,96.0,96.0,96.0,0.5364381547730233,0.9993890642500765,0.0384709820609177,24.993617693890084
120_cropped_energy,562.8921491733948,0.5352811885026512,32.47708671795972,21.0,20.31738684704384,0.002459572453295,0.0,0.0,0.0,0.0,96.0,42.60172188149444,0.5352811885026512,0.5352811885026512,96.0,96.0,96.0,0.5352811885026512,0.9404392028238128,0.0229348740565317,42.60172188149444
121_cropped_energy,0.69279507881584,0.548612306421105,199.11271676300575,230.0,38.23988439306358,0.0025966567627969,0.0,0.0,0.0,0.0,25.0,54.15009658044224,0.548612306421105,0.548612306421105,25.0,25.0,25.0,0.548612306421105,0.0044333965455384,0.0181323345198751,54.15009658044224
128_cropped_energy,2.523121876201461,0.6004711390604782,201.87774086378735,223.0,34.05249169435216,0.0014817428531344,0.0,0.0,0.0,0.0,107.0,51.102031376875296,0.6004711390604782,0.6004711390604782,107.0,107.0,107.0,0.6004711390604782,0.0258511113401353,0.0191931096268894,51.102031376875296
130_cropped_energy,6.764475201845444,0.6685409299196214,142.55051311288483,147.0,69.70193842645382,0.0007036946876114,0.0,0.0,0.0,0.0,54.0,80.38283407537863,0.6685409299196214,0.6685409299196214,54.0,54.0,54.0,0.6685409299196214,0.0602376536850058,0.0122876035390187,80.38283407537863
132_cropped_energy,2.353433294886582,0.3232540385296435,101.4,63.0,38.4,0.0107084967320261,0.0,0.0,0.0,0.0,2.0,76.8,0.3232540385296435,0.3232540385296435,2.0,2.0,2.0,0.3232540385296435,0.0113122171945701,0.0128534704370179,76.8
133_cropped_energy,0.0,0.0,0.0,0.0,0.0,0.0,0.0,0.0,0.0,0.0,0.0,0.0,0.0,0.0,0.0,0.0,0.0,0.0,0.0,0.0,0.0
134_cropped_energy,0.0084275278738946,0.2604584422934882,255.0,255.0,0.0,0.0157477893118031,0.0,0.0,0.0,0.0,1.0,0.0,0.2604584422934882,0.2604584422934882,1.0,1.0,1.0,0.2604584422934882,0.0073411209945343,1.0,0.0
138_cropped_energy,162.86071510957325,0.4274986707426585,20.57471055343396,19.0,8.367561778909296,0.0047234573721205,0.0,0.0,0.0,0.0,207.0,17.2247676627793,0.4274986707426585,0.4274986707426585,207.0,207.0,207.0,0.4274986707426585,0.9994547437295528,0.0548703840017842,17.2247676627793
140_cropped_energy,1.3589850057670128,0.6355760822221104,167.30998702983138,183.0,44.029831387808045,0.0010640945918723,0.0,0.0,0.0,0.0,119.0,53.98180162558785,0.6355760822221104,0.6355760822221104,119.0,119.0,119.0,0.6355760822221104,0.0044709129708665,0.0181878361645867,53.98180162558785
146_cropped_energy,2.61839292579777,0.4231823469423013,19.497387669801466,4.0,17.5901776384535,0.0087355002485012,0.0,0.0,0.0,0.0,221.0,44.79114943117567,0.4231823469423013,0.4231823469423013,221.0,221.0,221.0,0.4231823469423013,0.0476332686277437,0.0218382812491528,44.79114943117567
147_cropped_energy,0.0,0.0,0.0,0.0,0.0,0.0,0.0,0.0,0.0,0.0,0.0,0.0,0.0,0.0,0.0,0.0,0.0,0.0,0.0,0.0,0.0
148_cropped_energy,0.0,0.0,0.0,0.0,0.0,0.0,0.0,0.0,0.0,0.0,0.0,0.0,0.0,0.0,0.0,0.0,0.0,0.0,0.0,0.0,0.0
149_cropped_energy,0.7217993079584775,0.6235594236229653,149.88491048593352,160.0,41.09718670076726,0.0010730222935554,0.0,0.0,0.0,0.0,48.0,52.71827893085931,0.6235594236229653,0.6235594236229653,48.0,48.0,48.0,0.6235594236229653,0.0033214407067618,0.0186156373566453,52.71827893085931
150_cropped_energy,355.0344175317186,0.4461248810095246,20.50582243699072,11.0,11.427330869812394,0.0052721192997376,0.0,0.0,0.0,0.0,233.0,30.473422223717225,0.4461248810095246,0.4461248810095246,233.0,233.0,233.0,0.4461248810095246,0.9992047261985912,0.0317728397278144,30.473422223717225
153_cropped_energy,0.0006920415224913,0.2604584422934882,255.0,255.0,0.0,0.0157477893118031,0.0,0.0,0.0,0.0,1.0,0.0,0.2604584422934882,0.2604584422934882,1.0,1.0,1.0,0.2604584422934882,0.0007181271244594,1.0,0.0
154_cropped_energy,176.30066897347174,0.4410466841587155,18.06949310215149,15.0,11.347175213928969,0.0043828597191099,0.0,0.0,0.0,0.0,213.0,19.72653581806691,0.4410466841587155,0.4410466841587155,213.0,213.0,213.0,0.4410466841587155,0.9982152265542676,0.0482473293548804,19.72653581806691
163_cropped_energy,0.0398308342945021,0.5668750920792378,168.7826086956522,161.0,57.69565217391305,0.0015182178731606,0.0,0.0,0.0,0.0,18.0,66.02763355743342,0.5668750920792378,0.5668750920792378,18.0,18.0,18.0,0.5668750920792378,0.000234693877551,0.0149192198340575,66.02763355743342
165_cropped_energy,390.2605305651672,0.4243193555108441,17.989825872151176,14.0,7.937787557511502,0.0053822176699266,0.0,0.0,0.0,0.0,232.0,17.093124997786024,0.4243193555108441,0.4243193555108441,232.0,232.0,232.0,0.4243193555108441,0.9997256018156788,0.0552696120831733,17.093124997786024
182_cropped_energy,0.0,0.0,0.0,0.0,0.0,0.0,0.0,0.0,0.0,0.0,0.0,0.0,0.0,0.0,0.0,0.0,0.0,0.0,0.0,0.0,0.0
185_cropped_energy,1.2676047673971549,0.6291569801811563,171.82535885167465,160.0,35.911483253588514,0.0010142274279762,0.0,0.0,0.0,0.0,67.0,44.30020065396175,0.6291569801811563,0.6291569801811563,67.0,67.0,67.0,0.6291569801811563,0.0105655608214849,0.0220749574077779,44.30020065396175
187_cropped_energy,8.064282968089197,0.6412618543626827,179.39652392044437,183.0,41.65149614764379,0.0008740131084098,0.0,0.0,0.0,0.0,131.0,49.785052205893415,0.6412618543626827,0.6412618543626827,131.0,131.0,131.0,0.6412618543626827,0.0519520414052464,0.0196908333567481,49.785052205893415
188_cropped_energy,438.0480123029604,0.5569606505149777,51.002252065258,45.0,18.314687201627297,0.0018840000812573,0.0,0.0,0.0,0.0,96.0,30.37269048059443,0.5569606505149777,0.5569606505149777,96.0,96.0,96.0,0.5569606505149777,0.9970406241592682,0.0318748562740753,30.37269048059443
189_cropped_energy,438.2246212995002,0.4595447924375594,30.459998390873714,25.0,12.0136309934661,0.0045698347139123,0.0,0.0,0.0,0.0,179.0,32.61060568096653,0.4595447924375594,0.4595447924375594,179.0,179.0,179.0,0.4595447924375594,0.9913938951230672,0.0297525135218343,32.61060568096653
192_cropped_energy,10.323460207612456,0.4814636987967167,36.3439674315322,4.0,34.50651369356033,0.0062985987364358,0.0,0.0,0.0,0.0,222.0,67.13570808463695,0.4814636987967167,0.4814636987967167,222.0,222.0,222.0,0.4814636987967167,0.129612218661857,0.0146765921733405,67.13570808463695
194_cropped_energy,1.7911572472126105,0.6412922493806437,165.5074496056091,185.0,41.95354951796669,0.0010884507306305,0.0,0.0,0.0,0.0,119.0,55.02702058497766,0.6412922493806437,0.6412922493806437,119.0,119.0,119.0,0.6412922493806437,0.0148156804695311,0.0178485307546074,55.02702058497766
197_cropped_energy,164.42649750096118,0.440775453217421,15.42655095733454,13.0,7.126988165234434,0.0044448483415323,0.0,0.0,0.0,0.0,187.0,12.26011086162325,0.440775453217421,0.440775453217421,187.0,187.0,187.0,0.440775453217421,0.9964509041744128,0.0754141507892026,12.26011086162325
199_cropped_energy,0.4624067666282199,0.5550501274013301,164.16774193548386,158.0,28.006451612903227,0.0017055462139151,0.0,0.0,0.0,0.0,21.0,38.54830557421532,0.5550501274013301,0.5550501274013301,21.0,21.0,21.0,0.5550501274013301,0.0037270366451861,0.025285533361813,38.54830557421532
203_cropped_energy,3.0858746635909267,0.6418387210551411,186.37015706806284,198.0,41.63612565445026,0.0009470170802282,0.0,0.0,0.0,0.0,137.0,53.3542213080553,0.6418387210551411,0.6418387210551411,137.0,137.0,137.0,0.6418387210551411,0.0159166666666666,0.0183978350886943,53.3542213080553
212_cropped_energy,349.97914648212225,0.5314244662477525,35.04514805285061,32.0,15.084289602793106,0.0020468537996513,0.0,0.0,0.0,0.0,142.0,18.839114648753363,0.5314244662477525,0.5314244662477525,142.0,142.0,142.0,0.5314244662477525,0.9995245045544194,0.0504054751285404,18.839114648753363
214_cropped_energy,3.357785467128028,0.5736369092088711,47.82608695652174,34.0,34.633305988515175,0.0014850947188557,0.0,0.0,0.0,0.0,66.0,49.736806309968536,0.5736369092088711,0.5736369092088711,66.0,66.0,66.0,0.5736369092088711,0.0258481764206955,0.0197095574737333,49.736806309968536
215_cropped_energy,2.9691041906958864,0.6472629008529611,163.0006207324643,168.0,38.1812538795779,0.0008115085148811,0.0,0.0,0.0,0.0,62.0,48.77341548388366,0.6472629008529611,0.6472629008529611,62.0,62.0,62.0,0.6472629008529611,0.0202590543259557,0.0200910464005387,48.77341548388366
220_cropped_energy,222.93404075355636,0.4182782290730089,13.680847714809197,11.0,6.718183935980658,0.0054434097514869,0.0,0.0,0.0,0.0,93.0,18.613185313721168,0.4182782290730089,0.4182782290730089,93.0,93.0,93.0,0.4182782290730089,0.9997922699232028,0.050986108783687,18.613185313721168
221_cropped_energy,1.3907727797001153,0.4924575678074318,64.08670820353063,2.0,62.729491173416406,0.0056835644290207,0.0,0.0,0.0,0.0,124.0,91.24077364052944,0.4924575678074318,0.4924575678074318,124.0,124.0,124.0,0.4924575678074318,0.0183323814962878,0.0108411926801166,91.24077364052944
222_cropped_energy,13.73208765859285,0.5051374232098694,45.14897114330939,5.0,42.824363813466455,0.0054826836848652,0.0,0.0,0.0,0.0,224.0,73.52605244994493,0.5051374232098694,0.5051374232098694,224.0,224.0,224.0,0.5051374232098694,0.2038167560055588,0.0134181265091377,73.52605244994493
228_cropped_energy,180.45165705497885,0.4627300228173137,20.20881170512969,18.0,8.410385016815493,0.0038360253734035,0.0,0.0,0.0,0.0,95.0,14.310113956598716,0.4627300228173137,0.4627300228173137,95.0,95.0,95.0,0.4627300228173137,0.9998647212291044,0.0653163002466742,14.310113956598716
230_cropped_energy,185.4308496732026,0.5381815246126528,29.93587062045668,26.0,15.874069630693702,0.0019644759483773,0.0,0.0,0.0,0.0,67.0,19.840304195616778,0.5381815246126528,0.5381815246126528,67.0,67.0,67.0,0.5381815246126528,0.990021410599028,0.0479839445054897,19.840304195616778
234_cropped_energy,389.02728181468666,0.4336689800614637,20.41860847536721,12.0,10.657980933757027,0.0059753578108448,0.0,0.0,0.0,0.0,227.0,31.073177785094856,0.4336689800614637,0.4336689800614637,227.0,227.0,227.0,0.4336689800614637,0.9994891613361764,0.0311787003676549,31.073177785094856
236_cropped_energy,191.50117647058823,0.4042137672226804,14.794173527549082,11.0,7.376496393209657,0.00673539287846,0.0,0.0,0.0,0.0,92.0,23.06804701253711,0.4042137672226804,0.4042137672226804,92.0,92.0,92.0,0.4042137672226804,0.9973194891624174,0.0415488634985255,23.06804701253711
240_cropped_energy,236.4151018838908,0.504017899225343,31.30539478748357,31.0,10.4254613055255,0.0026243423806291,0.0,0.0,0.0,0.0,51.0,13.35749952211697,0.504017899225343,0.504017899225343,51.0,51.0,51.0,0.504017899225343,0.9999636923434414,0.0696500110245208,13.35749952211697
242_cropped_energy,304.87718569780856,0.499871889828104,31.871953819619023,30.0,11.051933835275548,0.0026836056743212,0.0,0.0,0.0,0.0,197.0,15.9987109179195,0.499871889828104,0.499871889828104,197.0,197.0,197.0,0.499871889828104,0.9999809070427554,0.0588279902416501,15.9987109179195
245_cropped_energy,327.4453056516724,0.4935825433403378,32.83323361311976,26.0,13.363710959536386,0.0033010353198902,0.0,0.0,0.0,0.0,179.0,29.951521443755443,0.4935825433403378,0.4935825433403378,179.0,179.0,179.0,0.4935825433403378,0.9921472184531888,0.0323085894765199,29.951521443755443
248_cropped_energy,312.71912341407153,0.4969830660036085,33.15138317395419,17.0,22.18544098963208,0.0035409365489919,0.0,0.0,0.0,0.0,93.0,50.37597436724931,0.4969830660036085,0.4969830660036085,93.0,93.0,93.0,0.4969830660036085,0.9999947716245609,0.0194643510379332,50.37597436724931
249_cropped_energy,240.0758323721645,0.426257586782637,16.6179682398544,13.0,7.165365325034386,0.0058228441451636,0.0,0.0,0.0,0.0,255.0,19.36585641547802,0.426257586782637,0.426257586782637,255.0,255.0,255.0,0.426257586782637,0.9999583217560434,0.0491017897602381,19.36585641547802
251_cropped_energy,10.867004998077665,0.6564609534936712,162.13212815990593,169.0,47.34935332157554,0.0007834623164055,0.0,0.0,0.0,0.0,133.0,57.52151172993183,0.6564609534936712,0.6564609534936712,133.0,133.0,133.0,0.6564609534936712,0.0372842347525891,0.0170877335605213,57.52151172993183
253_cropped_energy,3.3482506728181467,0.6310146833747736,187.8373112518266,201.0,47.32927423283,0.0010717313950799,0.0,0.0,0.0,0.0,80.0,55.81628091146161,0.6310146833747736,0.6310146833747736,80.0,80.0,80.0,0.6310146833747736,0.0211059822557596,0.017600588844566,55.81628091146161
255_cropped_energy,529.9253979238754,0.5288902007223107,31.819253108624743,30.0,13.923548196090646,0.0021283874931167,0.0,0.0,0.0,0.0,135.0,18.247844093452134,0.5288902007223107,0.5288902007223107,135.0,135.0,135.0,0.5288902007223107,0.961433540315442,0.051953870529333,18.247844093452134
260_cropped_energy,8.378900422914263,0.5125955028093574,38.98963682195873,5.0,36.72925030342638,0.0053294173975346,0.0,0.0,0.0,0.0,233.0,56.519338397508655,0.5125955028093574,0.5125955028093574,233.0,233.0,233.0,0.5125955028093574,0.0871982741075426,0.0173854572715897,56.519338397508655
261_cropped_energy,6.428066128412149,0.4893152348528826,38.66127737644766,4.0,36.95803233574132,0.0060508756238198,0.0,0.0,0.0,0.0,219.0,69.82964135166817,0.4893152348528826,0.4893152348528826,219.0,219.0,219.0,0.4893152348528826,0.0601539543930803,0.0141183829385075,69.82964135166817
267_cropped_energy,92.4705420991926,0.511217585806057,31.125115222544117,24.0,16.761176586779037,0.0026118759100035,0.0,0.0,0.0,0.0,52.0,38.03307180531187,0.511217585806057,0.511217585806057,52.0,52.0,52.0,0.511217585806057,0.9994077778508916,0.0256193006020067,38.03307180531187
268_cropped_energy,83.77239523260285,0.4342201556837951,17.221232889715793,13.0,8.46135591289655,0.0051607056135144,0.0,0.0,0.0,0.0,90.0,24.437245193635228,0.4342201556837951,0.4342201556837951,90.0,90.0,90.0,0.4342201556837951,0.9999620313241576,0.0393124331030238,24.437245193635228
269_cropped_energy,16.346943483275663,0.576043426273323,75.64818355640536,16.0,70.69926249658563,0.0028225667134374,0.0,0.0,0.0,0.0,228.0,86.24982114303693,0.576043426273323,0.576043426273323,228.0,228.0,228.0,0.576043426273323,0.1895565278173298,0.0114613415465987,86.24982114303693
270_cropped_energy,6.307558631295655,0.5565680904566966,197.960693359375,201.0,23.280517578125,0.0023778114186851,0.0,0.0,0.0,0.0,118.0,35.65824473917116,0.5565680904566966,0.5565680904566966,118.0,118.0,118.0,0.5565680904566966,0.0266896030442828,0.0272789929554769,35.65824473917116
271_cropped_energy,232.2782929642445,0.4633323175506536,16.105976496100567,11.0,9.561936332781784,0.0036158775402585,0.0,0.0,0.0,0.0,172.0,16.17595329620641,0.4633323175506536,0.4633323175506536,172.0,172.0,172.0,0.4633323175506536,0.999272033678318,0.0582209314822057,16.17595329620641
274_cropped_energy,561.9077431757016,0.448934323937114,20.87288668341022,15.0,10.47366231273593,0.0046419170800358,0.0,0.0,0.0,0.0,255.0,31.432753544753336,0.448934323937114,0.448934323937114,255.0,255.0,255.0,0.448934323937114,0.998396046208423,0.0308330280566563,31.432753544753336
275_cropped_energy,11.640445982314494,0.5502240798499174,64.95279971284997,10.0,61.393036611629576,0.0036494776951614,0.0,0.0,0.0,0.0,222.0,85.64374027797918,0.5502240798499174,0.5502240798499174,222.0,222.0,222.0,0.5502240798499174,0.120959513730598,0.0115415146759788,85.64374027797918
277_cropped_energy,301.1701499423299,0.4360664971662197,17.13556794512245,13.0,9.4231218822307,0.0047675789919413,0.0,0.0,0.0,0.0,254.0,29.72700752798952,0.4360664971662197,0.4360664971662197,254.0,254.0,254.0,0.4360664971662197,0.9998268539850036,0.0325446595829122,29.72700752798952
289_cropped_energy,1.6761245674740484,0.5263225473247103,170.535240040858,194.0,50.44330949948928,0.0029050832345763,0.0,0.0,0.0,0.0,26.0,56.53915213753788,0.5263225473247103,0.5263225473247103,26.0,26.0,26.0,0.5263225473247103,0.0088814297378209,0.0173794705491951,56.53915213753788
291_cropped_energy,250.6721261053441,0.4239296076240219,14.210415259454969,12.0,6.468118809513847,0.0051948259252644,0.0,0.0,0.0,0.0,250.0,17.495809573595253,0.4239296076240219,0.4239296076240219,250.0,250.0,250.0,0.4239296076240219,0.9986449379178606,0.0540663005866802,17.495809573595253
293_cropped_energy,416.1275201845444,0.5099248330165557,33.01418162893573,18.0,22.290991738225344,0.0034788918187391,0.0,0.0,0.0,0.0,238.0,46.25301022505799,0.5099248330165557,0.5099248330165557,238.0,238.0,238.0,0.5099248330165557,0.9993174061433449,0.0211626729225751,46.25301022505799
296_cropped_energy,776.880399846213,0.5185545494345977,30.982171007522677,26.0,14.084009384297126,0.0025783727500544,0.0,0.0,0.0,0.0,95.0,27.65568234067176,0.5185545494345977,0.5185545494345977,95.0,95.0,95.0,0.5185545494345977,0.9953084777925544,0.034897092594465,27.65568234067176
299_cropped_energy,623.5949096501346,0.5114399230894066,25.034993208020342,24.0,12.496845502780648,0.0024730699851059,0.0,0.0,0.0,0.0,95.0,17.34675150483851,0.5114399230894066,0.5114399230894066,95.0,95.0,95.0,0.5114399230894066,0.985444468852399,0.0545055619103073,17.34675150483851
301_cropped_energy,0.0,0.0,0.0,0.0,0.0,0.0,0.0,0.0,0.0,0.0,0.0,0.0,0.0,0.0,0.0,0.0,0.0,0.0,0.0,0.0,0.0
304_cropped_energy,198.5118031526336,0.4827037330297862,24.718182187715943,10.0,18.366326572090564,0.0041953432221618,0.0,0.0,0.0,0.0,233.0,42.402602333800594,0.4827037330297862,0.4827037330297862,233.0,233.0,233.0,0.4827037330297862,0.830254691085812,0.023040093133338,42.402602333800594
307_cropped_energy,370.5482814302192,0.4373069815636649,16.25922090394063,11.0,9.649399606546098,0.0047882279325649,0.0,0.0,0.0,0.0,255.0,29.99536765791153,0.4373069815636649,0.4373069815636649,255.0,255.0,255.0,0.4373069815636649,0.9980080393671502,0.0322628855717009,29.99536765791153
308_cropped_energy,58.76326028450596,0.5584417586557078,61.927723018011626,10.0,58.16428520777195,0.0033742671843364,0.0,0.0,0.0,0.0,236.0,79.83529687058042,0.5584417586557078,0.5584417586557078,236.0,236.0,236.0,0.5584417586557078,0.1814071208276651,0.0123708335184446,79.83529687058042
309_cropped_energy,2.4447673971549406,0.6318881201215398,186.29339378238345,190.0,36.19624352331606,0.0009444831657489,0.0,0.0,0.0,0.0,124.0,44.79465303821258,0.6318881201215398,0.6318881201215398,124.0,124.0,124.0,0.6318881201215398,0.0078911592440024,0.0218366104699071,44.79465303821258
310_cropped_energy,0.0002153018069973,0.2604584422934882,255.0,255.0,0.0,0.0157477893118031,0.0,0.0,0.0,0.0,1.0,0.0,0.2604584422934882,0.2604584422934882,1.0,1.0,1.0,0.2604584422934882,0.0002053538687202,1.0,0.0
311_cropped_energy,268.8889042675894,0.5674593496619338,48.9574419878028,26.0,32.97070911139223,0.0021833775989368,0.0,0.0,0.0,0.0,184.0,58.52694374795653,0.5674593496619338,0.5674593496619338,184.0,184.0,184.0,0.5674593496619338,0.996125561887566,0.016799115443153,58.52694374795653
316_cropped_energy,2.9986928104575163,0.6485869591172784,179.57566462167688,201.0,48.85480572597137,0.0008777337309314,0.0,0.0,0.0,0.0,129.0,63.543609333551125,0.6485869591172784,0.6485869591172784,129.0,129.0,129.0,0.6485869591172784,0.0155980861244019,0.0154934006685643,63.543609333551125
318_cropped_energy,468.7338562091503,0.5091677930843607,28.93528956125509,30.0,11.461143012925644,0.002491656113612,0.0,0.0,0.0,0.0,150.0,14.874296818748634,0.5091677930843607,0.5091677930843607,150.0,150.0,150.0,0.5091677930843607,0.9634813425057328,0.0629949163366361,14.874296818748634
331_cropped_energy,198.03547866205307,0.4133685499113718,14.930004757535595,13.0,5.313530091412648,0.0057880174566908,0.0,0.0,0.0,0.0,79.0,10.23113382810936,0.4133685499113718,0.4133685499113718,79.0,79.0,79.0,0.4133685499113718,0.9999745138517216,0.0890382053410487,10.23113382810936
332_cropped_energy,332.06228373702425,0.4834947929180187,26.927772830254845,24.0,10.289785390298036,0.003444609752407,0.0,0.0,0.0,0.0,95.0,20.233670462920227,0.4834947929180187,0.4834947929180187,95.0,95.0,95.0,0.4834947929180187,0.9998569780853518,0.0470950136363033,20.233670462920227
335_cropped_energy,233.4310803537101,0.4304263136940617,14.713824955829866,11.0,8.000011857754378,0.004976059951078,0.0,0.0,0.0,0.0,255.0,23.79835379068521,0.4304263136940617,0.4304263136940617,255.0,255.0,255.0,0.4304263136940617,0.9913015880479118,0.0403252574118698,23.79835379068521
346_cropped_energy,3.732687427912341,0.6403988266678406,173.51705213641708,179.0,44.48020384163073,0.0009304131089121,0.0,0.0,0.0,0.0,129.0,53.38457255169945,0.6403988266678406,0.6403988266678406,129.0,129.0,129.0,0.6403988266678406,0.0265657217836835,0.0183875675229289,53.38457255169945
348_cropped_energy,40.17688581314879,0.5749281078788008,61.12655913978495,12.0,57.046075268817205,0.0031058428622732,0.0,0.0,0.0,0.0,255.0,75.323179356527,0.5749281078788008,0.5749281078788008,255.0,255.0,255.0,0.5749281078788008,0.2145959884395064,0.013102179553196,75.323179356527
350_cropped_energy,294.2048289119569,0.4304194385217904,16.298656113522203,10.0,9.73944268103303,0.0052995228559956,0.0,0.0,0.0,0.0,255.0,32.169652198592104,0.4304194385217904,0.4304194385217904,255.0,255.0,255.0,0.4304194385217904,0.999412878443081,0.0301480399617348,32.169652198592104
356_cropped_energy,78.86048442906575,0.4855302989152728,32.409121165056376,22.0,16.846703108296186,0.0034802090389536,0.0,0.0,0.0,0.0,64.0,40.09441345557402,0.4855302989152728,0.4855302989152728,64.0,64.0,64.0,0.4855302989152728,0.9999394917305364,0.0243342078864581,40.09441345557402
357_cropped_energy,29.017254901960783,0.6385728570891813,92.1264895908112,61.0,78.09408949509452,0.0013190054417374,0.0,0.0,0.0,0.0,255.0,86.52670662278759,0.6385728570891813,0.6385728570891813,255.0,255.0,255.0,0.6385728570891813,0.4063198833252309,0.0114250842809576,86.52670662278759
358_cropped_energy,4.550526720492118,0.4449492252259407,23.417828987265008,4.0,21.5952092177077,0.0075402373342956,0.0,0.0,0.0,0.0,213.0,50.398963862522734,0.4449492252259407,0.4449492252259407,213.0,213.0,213.0,0.4449492252259407,0.0611408761424519,0.0194556451113432,50.398963862522734
364_cropped_energy,9.085428681276433,0.4857973500401645,39.46390711761737,4.0,37.80666330136295,0.0063164816431537,0.0,0.0,0.0,0.0,224.0,69.41521315202013,0.4857973500401645,0.4857973500401645,224.0,224.0,224.0,0.4857973500401645,0.089916710164991,0.0142014765735508,69.41521315202013
370_cropped_energy,2.723091118800461,0.6313632582401798,173.66420664206643,169.0,44.91934633632051,0.0010961240897829,0.0,0.0,0.0,0.0,131.0,54.40688533800587,0.6313632582401798,0.6313632582401798,131.0,131.0,131.0,0.6313632582401798,0.0194683908045977,0.0180482984000917,54.40688533800587
371_cropped_energy,180.678400615148,0.4512276706579173,24.126973096396306,9.0,18.386683874383667,0.0050697182361441,0.0,0.0,0.0,0.0,255.0,52.17166558428514,0.4512276706579173,0.4512276706579173,255.0,255.0,255.0,0.4512276706579173,0.9893596123624936,0.0188070091281012,52.17166558428514
372_cropped_energy,31.498100730488275,0.5494764168514138,51.94514336803116,9.0,48.17089213870617,0.0036248526743334,0.0,0.0,0.0,0.0,229.0,72.36240530057493,0.5494764168514138,0.5494764168514138,229.0,229.0,229.0,0.5494764168514138,0.2968530805687204,0.013630959834303,72.36240530057493
375_cropped_energy,6.145420991926183,0.5880296417062598,209.44584882280049,212.0,31.23816604708798,0.0015384480907039,0.0,0.0,0.0,0.0,120.0,40.09585453536791,0.5880296417062598,0.5880296417062598,120.0,120.0,120.0,0.5880296417062598,0.0522248971033625,0.0243333545756879,40.09585453536791
376_cropped_energy,202.54958861976164,0.4454124244103534,21.040274618134543,17.0,9.287154696132596,0.0046125110286391,0.0,0.0,0.0,0.0,91.0,26.267485062721452,0.4454124244103534,0.4454124244103534,91.0,91.0,91.0,0.4454124244103534,0.9999675018686426,0.036673715881746,26.267485062721452
378_cropped_energy,11.899869281045753,0.655307159465224,117.24751491053678,121.0,81.97316103379721,0.0010726988203801,0.0,0.0,0.0,0.0,188.0,89.71292748032016,0.655307159465224,0.655307159465224,188.0,188.0,188.0,0.655307159465224,0.1204405778593662,0.011023787102637,89.71292748032016
380_cropped_energy,395.2574240676663,0.5000373872813125,35.57286054001987,35.0,11.280043747428834,0.0025139867083598,0.0,0.0,0.0,0.0,48.0,14.348873356236227,0.5000373872813125,0.5000373872813125,48.0,48.0,48.0,0.5000373872813125,0.9999849495055912,0.0651513617182658,14.348873356236227
381_cropped_energy,11.14071510957324,0.5373443853367947,47.816879663779055,8.0,44.80512908482717,0.0040342291903198,0.0,0.0,0.0,0.0,214.0,72.5963441396412,0.5373443853367947,0.5373443853367947,214.0,214.0,214.0,0.5373443853367947,0.1145870189094625,0.0135876314467822,72.5963441396412
383_cropped_energy,51.666774317570166,0.4098200300593468,11.524712307392235,8.0,7.761966062024576,0.0059013747327652,0.0,0.0,0.0,0.0,88.0,22.014078775104167,0.4098200300593468,0.4098200300593468,88.0,88.0,88.0,0.4098200300593468,0.8948112466621289,0.0434516632089469,22.014078775104167
385_cropped_energy,0.0241445597846981,0.4438837180135008,233.7692307692308,240.0,12.076923076923077,0.0045659270785701,0.0,0.0,0.0,0.0,8.0,16.880365682121052,0.4438837180135008,0.4438837180135008,8.0,8.0,8.0,0.4438837180135008,0.0002084736521376,0.055927267807499,16.880365682121052
386_cropped_energy,270.5269050365244,0.4350488103164543,16.979326107703624,13.0,7.773571945266767,0.0050825673509164,0.0,0.0,0.0,0.0,249.0,20.55724699870421,0.4350488103164543,0.4350488103164543,249.0,249.0,249.0,0.4350488103164543,0.9988524311458687,0.046388112547957,20.55724699870421
388_cropped_energy,3.0994694348327565,0.6455405996311615,180.8972996901284,188.0,50.12173528109784,0.000923327946595,0.0,0.0,0.0,0.0,128.0,59.30166192001266,0.6455405996311615,0.6455405996311615,128.0,128.0,128.0,0.6455405996311615,0.0251365876998742,0.0165832908772307,59.30166192001266
391_cropped_energy,101.6071818531334,0.4670570617231033,19.260851585235105,16.0,9.448506662582323,0.003625854334274,0.0,0.0,0.0,0.0,52.0,20.46850867548875,0.4670570617231033,0.4670570617231033,52.0,52.0,52.0,0.4670570617231033,0.998455444938906,0.0465798540138808,20.46850867548875
394_cropped_energy,239.80392156862743,0.429766004542464,17.77870706208662,12.0,8.384538795249272,0.0054401352042589,0.0,0.0,0.0,0.0,236.0,23.36974475946702,0.429766004542464,0.429766004542464,236.0,236.0,236.0,0.429766004542464,0.9997156061144684,0.0410344880453261,23.36974475946702
395_cropped_energy,301.1300422914264,0.4764492048167486,24.763935311211423,25.0,11.250433594064068,0.00347143657265,0.0,0.0,0.0,0.0,132.0,21.356407077797872,0.4764492048167486,0.4764492048167486,132.0,132.0,132.0,0.4764492048167486,0.9964691003359218,0.0447299065775689,21.356407077797872
400_cropped_energy,251.83869281045756,0.4241248729230654,18.598881922116405,17.0,7.194892278083688,0.0049095480116279,0.0,0.0,0.0,0.0,181.0,10.36297259793173,0.4241248729230654,0.4241248729230654,181.0,181.0,181.0,0.4241248729230654,0.9993207558689746,0.0880051405018805,10.36297259793173
401_cropped_energy,279.31174163783163,0.4543438500828376,16.351716357775988,13.0,8.597464410421702,0.0039382230249413,0.0,0.0,0.0,0.0,55.0,19.54456060364343,0.4543438500828376,0.4543438500828376,55.0,55.0,55.0,0.4543438500828376,0.9737304626200488,0.0486746842287129,19.54456060364343
406_cropped_energy,141.84176855055748,0.4722572229131704,22.66127970605861,13.0,15.336372299560855,0.003872713061821,0.0,0.0,0.0,0.0,255.0,40.382256942712125,0.4722572229131704,0.4722572229131704,255.0,255.0,255.0,0.4722572229131704,0.999106792304672,0.0241649458941874,40.382256942712125
407_cropped_energy,235.47492502883503,0.4226336553105249,15.473424885230331,13.0,7.149339085008707,0.0052636165832725,0.0,0.0,0.0,0.0,91.0,20.02328714730981,0.4226336553105249,0.4226336553105249,91.0,91.0,91.0,0.4226336553105249,0.9998549099782365,0.0475663007879318,20.02328714730981
408_cropped_energy,15.342545174932718,0.6411754995399734,159.774357346874,166.0,39.43562890087803,0.000895427825626,0.0,0.0,0.0,0.0,133.0,48.84933854468384,0.6411754995399734,0.6411754995399734,133.0,133.0,133.0,0.6411754995399734,0.0866135239142386,0.0200604467219484,48.84933854468384
413_cropped_energy,190.1671818531334,0.4102897693121686,14.518399648988812,11.0,6.378620818538591,0.0061608490423198,0.0,0.0,0.0,0.0,89.0,20.155682331850876,0.4102897693121686,0.4102897693121686,89.0,89.0,89.0,0.4102897693121686,0.9998862593125188,0.0472686243021551,20.155682331850876
414_cropped_energy,0.3873894655901576,0.6274394040002449,180.9868995633188,194.0,43.28384279475983,0.0009035887576364,0.0,0.0,0.0,0.0,44.0,52.12979102414812,0.6274394040002449,0.6274394040002449,44.0,44.0,44.0,0.6274394040002449,0.0026526735242331,0.0188218319839708,52.12979102414812
417_cropped_energy,80.45810073048827,0.4169800602315128,19.679160447761195,5.0,17.323955223880596,0.0069082325917966,0.0,0.0,0.0,0.0,92.0,46.97499186257707,0.4169800602315128,0.4169800602315128,92.0,92.0,92.0,0.4169800602315128,0.861251707238692,0.0208441932176762,46.97499186257707
418_cropped_energy,184.1453287197232,0.4315186776310719,19.289303937614324,15.0,8.547626841243863,0.0050815135602987,0.0,0.0,0.0,0.0,224.0,20.69807864001911,0.4315186776310719,0.4315186776310719,224.0,224.0,224.0,0.4315186776310719,0.9954764140997872,0.046087029943547,20.69807864001911
422_cropped_energy,285.48341407151094,0.472029961499017,21.58388387733622,16.0,11.333632638983866,0.0036043915511448,0.0,0.0,0.0,0.0,136.0,30.844176226032182,0.472029961499017,0.472029961499017,136.0,136.0,136.0,0.472029961499017,0.999994053565482,0.0314029162790059,30.844176226032182
425_cropped_energy,0.8306958861976163,0.3988822078818334,21.519348268839103,1.0,20.519348268839103,0.0099798702238069,0.0,0.0,0.0,0.0,151.0,56.6022778141516,0.3988822078818334,0.3988822078818334,151.0,151.0,151.0,0.3988822078818334,0.0194286166508388,0.0173604245864444,56.6022778141516
428_cropped_energy,1.979454056132257,0.5135835277195188,39.08511697361872,8.0,36.04081632653061,0.0044491723283151,0.0,0.0,0.0,0.0,213.0,69.01168354996099,0.5135835277195188,0.5135835277195188,213.0,213.0,213.0,0.5135835277195188,0.0510131532172058,0.0142833302856714,69.01168354996099
432_cropped_energy,259.68344482891195,0.5598556021032164,41.310172763363965,34.0,18.53701118166256,0.0018899355463104,0.0,0.0,0.0,0.0,95.0,31.18173020759235,0.5598556021032164,0.5598556021032164,95.0,95.0,95.0,0.5598556021032164,0.9950709755360918,0.0310735312722272,31.18173020759235
433_cropped_energy,231.51836985774705,0.5583966900520494,47.60876579725733,39.0,19.355375869089237,0.0018716351632188,0.0,0.0,0.0,0.0,96.0,33.00610984882044,0.5583966900520494,0.5583966900520494,96.0,96.0,96.0,0.5583966900520494,0.9981213097155126,0.0294064803191443,33.00610984882044
434_cropped_energy,326.55793925413303,0.5188770305976422,26.66751149393622,23.0,13.49684414161264,0.002370073907382,0.0,0.0,0.0,0.0,96.0,20.20134880200902,0.5188770305976422,0.5188770305976422,96.0,96.0,96.0,0.5188770305976422,0.9769557416267942,0.0471668104392132,20.20134880200902
436_cropped_energy,5.73679354094579,0.659178786527177,171.79283216783216,184.0,48.4303613053613,0.0007525782397738,0.0,0.0,0.0,0.0,139.0,60.2171664873429,0.659178786527177,0.659178786527177,139.0,139.0,139.0,0.659178786527177,0.0352759790317607,0.0163352872630385,60.2171664873429
437_cropped_energy,6.725274894271434,0.6184758601660644,191.741452991453,197.0,31.7846628679962,0.0011779926830399,0.0,0.0,0.0,0.0,139.0,44.31958273329407,0.6184758601660644,0.6184758601660644,139.0,139.0,139.0,0.6184758601660644,0.0270995386901889,0.0220655164873208,44.31958273329407
440_cropped_energy,2.039354094579008,0.4058565614813709,18.96273291925466,1.0,17.96273291925466,0.0093787667312435,0.0,0.0,0.0,0.0,190.0,50.53289277703678,0.4058565614813709,0.4058565614813709,190.0,190.0,190.0,0.4058565614813709,0.0678259101077893,0.0194050818052582,50.53289277703678
441_cropped_energy,0.0,0.0,0.0,0.0,0.0,0.0,0.0,0.0,0.0,0.0,0.0,0.0,0.0,0.0,0.0,0.0,0.0,0.0,0.0,0.0,0.0
442_cropped_energy,190.7516801230296,0.426409232891062,17.593877244443743,12.0,9.498699388831348,0.0054650420968917,0.0,0.0,0.0,0.0,92.0,31.234044714222517,0.426409232891062,0.426409232891062,92.0,92.0,92.0,0.426409232891062,0.9999920936116382,0.0310231002303838,31.234044714222517
444_cropped_energy,146.78832756632065,0.4421486182746651,18.904474419951654,13.0,9.672611025095517,0.0050583755654657,0.0,0.0,0.0,0.0,89.0,24.62500172610437,0.4421486182746651,0.4421486182746651,89.0,89.0,89.0,0.4421486182746651,0.9999220351064778,0.039024387615213,24.62500172610437
446_cropped_energy,7.871864667435601,0.6351786955522711,170.980044345898,183.0,39.718847006651885,0.0010433006229263,0.0,0.0,0.0,0.0,130.0,49.44149312642262,0.6351786955522711,0.6351786955522711,130.0,130.0,130.0,0.6351786955522711,0.0393955276030747,0.019824948430723,49.44149312642262
447_cropped_energy,4.717539407920031,0.546302854802935,54.45922474052107,8.0,51.09934335945774,0.0040392781298122,0.0,0.0,0.0,0.0,174.0,73.96059451162587,0.546302854802935,0.546302854802935,174.0,174.0,174.0,0.546302854802935,0.0205305501195912,0.0133403424361169,73.96059451162587
448_cropped_energy,8.842906574394464,0.5054818342253155,49.63803735811958,4.0,48.02395209580838,0.0055461603827449,0.0,0.0,0.0,0.0,214.0,79.08355004251436,0.5054818342253155,0.5054818342253155,214.0,214.0,214.0,0.5054818342253155,0.1199095507544581,0.0124869589256361,79.08355004251436
449_cropped_energy,5.489027297193387,0.4947814608687872,46.80834242093784,3.0,45.340239912759,0.0060209588450838,0.0,0.0,0.0,0.0,222.0,76.56412139532911,0.4947814608687872,0.4947814608687872,222.0,222.0,222.0,0.4947814608687872,0.0729972038966337,0.0128925588533801,76.56412139532911
450_cropped_energy,355.98029988465976,0.6396292985147867,95.15720430107528,95.0,38.68463237430979,0.0008933965830812,0.0,0.0,0.0,0.0,46.0,46.33873857577864,0.6396292985147867,0.6396292985147867,46.0,46.0,46.0,0.6396292985147867,0.9996397694524496,0.0211243482628761,46.33873857577864
452_cropped_energy,0.2726028450595925,0.6217505438364703,192.5731707317073,200.0,36.86585365853659,0.0009707701769396,0.0,0.0,0.0,0.0,59.0,43.35278720266026,0.6217505438364703,0.6217505438364703,59.0,59.0,59.0,0.6217505438364703,0.0025044285627023,0.0225464973696178,43.35278720266026
453_cropped_energy,0.1802691272587466,0.6081171681767062,167.58333333333334,182.0,53.1875,0.001117518902986,0.0,0.0,0.0,0.0,43.0,58.1543683273712,0.6081171681767062,0.6081171681767062,43.0,43.0,43.0,0.6081171681767062,0.0008561338422573,0.0169049222952701,58.1543683273712
456_cropped_energy,148.07475586312955,0.4395212721625638,14.852857481622006,10.0,8.161516572116525,0.0046008433580325,0.0,0.0,0.0,0.0,243.0,22.40049617707884,0.4395212721625638,0.4395212721625638,243.0,243.0,243.0,0.4395212721625638,0.9979066550167468,0.0427341365940571,22.40049617707884
459_cropped_energy,5.999046520569012,0.6042934974322779,169.98565573770492,177.0,27.557889344262296,0.0013768545184645,0.0,0.0,0.0,0.0,126.0,37.28239870580396,0.6042934974322779,0.6042934974322779,126.0,126.0,126.0,0.6042934974322779,0.0590227382680212,0.026121665146557,37.28239870580396
462_cropped_energy,4.598677431757016,0.5163352736251738,41.94847470238095,6.0,39.676153273809526,0.0054037017857251,0.0,0.0,0.0,0.0,190.0,64.91603254324474,0.5163352736251738,0.5163352736251738,190.0,190.0,190.0,0.5163352736251738,0.0485549132947976,0.0151708159823475,64.91603254324474
464_cropped_energy,127.96284505959248,0.5989108480703487,59.432734303912646,57.0,25.9406050955414,0.0012471614432286,0.0,0.0,0.0,0.0,50.0,32.60952640502154,0.5989108480703487,0.5989108480703487,50.0,50.0,50.0,0.5989108480703487,0.9996020692399522,0.0297534689405975,32.60952640502154
465_cropped_energy,437.2469511726259,0.4840048613515834,18.58960501734721,17.0,11.150148690380876,0.0030531940061546,0.0,0.0,0.0,0.0,121.0,16.025024460745076,0.4840048613515834,0.4840048613515834,121.0,121.0,121.0,0.4840048613515834,0.9940498749336768,0.0587370668574203,16.025024460745076
467_cropped_energy,1.6776624375240292,0.6608339993639581,138.13656006914434,139.0,46.50043215211755,0.0008321930272283,0.0,0.0,0.0,0.0,125.0,61.44016647617234,0.6608339993639581,0.6608339993639581,125.0,125.0,125.0,0.6608339993639581,0.0092181686359181,0.0160153320600387,61.44016647617234
468_cropped_energy,252.14197616301425,0.4465092578783543,21.835647260361537,18.0,7.831543555521464,0.0049420524349466,0.0,0.0,0.0,0.0,148.0,18.584485545164704,0.4465092578783543,0.4465092578783543,148.0,148.0,148.0,0.4465092578783543,0.99986578468028,0.0510608255546898,18.584485545164704
471_cropped_energy,1.5406997308727413,0.3963640760537227,24.41544885177453,1.0,23.41544885177453,0.0103738727674558,0.0,0.0,0.0,0.0,183.0,60.101103503472096,0.3963640760537227,0.3963640760537227,183.0,183.0,183.0,0.3963640760537227,0.0436824586202179,0.0163663165255791,60.101103503472096
472_cropped_energy,14.223421760861209,0.6331954402976144,78.58203658203658,54.0,63.62853762853763,0.0015987667632713,0.0,0.0,0.0,0.0,195.0,74.99358985803025,0.6331954402976144,0.6331954402976144,195.0,195.0,195.0,0.6331954402976144,0.164903434925494,0.0131590046195762,74.99358985803025
474_cropped_energy,213.1990311418685,0.4018531285955836,13.398080741230974,12.0,4.626390962399766,0.0064584946005001,0.0,0.0,0.0,0.0,191.0,9.006217821016168,0.4018531285955836,0.4018531285955836,191.0,191.0,191.0,0.4018531285955836,0.999892274546014,0.0999378604271125,9.006217821016168
475_cropped_energy,3.253194925028835,0.4516180915564969,23.04184021204089,3.0,21.267133661491854,0.0074307318862859,0.0,0.0,0.0,0.0,199.0,41.24635711499953,0.4516180915564969,0.4516180915564969,199.0,199.0,199.0,0.4516180915564969,0.0372218228968472,0.0236706799897061,41.24635711499953
477_cropped_energy,109.28569011918492,0.4392930556945182,15.700846882469238,8.0,11.523168776495815,0.0048713042970008,0.0,0.0,0.0,0.0,63.0,30.865514418185963,0.4392930556945182,0.4392930556945182,63.0,63.0,63.0,0.4392930556945182,0.8246836469824789,0.0313818878577177,30.865514418185963
478_cropped_energy,0.1245674740484429,0.6327538450863367,168.02666666666667,174.0,48.32,0.0009098722713486,0.0,0.0,0.0,0.0,34.0,56.38013204036409,0.6327538450863367,0.6327538450863367,34.0,34.0,34.0,0.6327538450863367,0.0011816978634902,0.0174276350444183,56.38013204036409
479_cropped_energy,1.4276970396001538,0.631500767969739,172.85594989561588,169.0,42.707724425887264,0.0009997098392225,0.0,0.0,0.0,0.0,113.0,51.39594267925174,0.631500767969739,0.631500767969739,113.0,113.0,113.0,0.631500767969739,0.0074263565891472,0.019085447247731,51.39594267925174
481_cropped_energy,2.7884352172241447,0.4183674581884546,20.212345679012344,3.0,18.38195631528965,0.0091215346668457,0.0,0.0,0.0,0.0,207.0,47.10432259897425,0.4183674581884546,0.4183674581884546,207.0,207.0,207.0,0.4183674581884546,0.0727310401989225,0.0207881526227192,47.10432259897425
482_cropped_energy,39.366874279123415,0.6085706973148823,81.00228390166535,81.0,64.89218080888185,0.0018283843192972,0.0,0.0,0.0,0.0,208.0,70.11367089583023,0.6085706973148823,0.6085706973148823,208.0,208.0,208.0,0.6085706973148823,0.066758289463096,0.0140619938107939,70.11367089583023
484_cropped_energy,216.73643983083429,0.466457533224027,20.555355320759684,19.0,7.951918962509463,0.0035013862142647,0.0,0.0,0.0,0.0,57.0,11.144596127695957,0.466457533224027,0.466457533224027,57.0,57.0,57.0,0.466457533224027,0.9990874337156246,0.0823411490580146,11.144596127695957
490_cropped_energy,0.1358093041138023,0.6000299951847909,193.98701298701295,206.0,38.09090909090909,0.001261629266842,0.0,0.0,0.0,0.0,36.0,48.54439486589503,0.6000299951847909,0.6000299951847909,36.0,36.0,36.0,0.6000299951847909,0.0007847693593428,0.0201839179327301,48.54439486589503
491_cropped_energy,66.0718031526336,0.609201119942409,66.74020203001311,59.0,28.736122577825263,0.0012197395887692,0.0,0.0,0.0,0.0,42.0,37.123608255020855,0.609201119942409,0.609201119942409,42.0,42.0,42.0,0.609201119942409,0.995166980812914,0.0262304657342684,37.123608255020855
493_cropped_energy,169.077939254133,0.4857376789590011,35.06496258567566,10.0,30.91384644406716,0.0041242065828228,0.0,0.0,0.0,0.0,90.0,65.04016152561368,0.4857376789590011,0.4857376789590011,90.0,90.0,90.0,0.4857376789590011,0.949138177998472,0.0151423009408017,65.04016152561368
494_cropped_energy,2.988527489427143,0.5788499075298197,97.15806111696524,58.0,89.3610818405339,0.0029014201979962,0.0,0.0,0.0,0.0,181.0,99.46150563807358,0.5788499075298197,0.5788499075298197,181.0,181.0,181.0,0.5788499075298197,0.0544880382775119,0.009954061445213,99.46150563807358
495_cropped_energy,0.5770088427527874,0.4873486805399414,42.48107448107448,2.0,41.020757020757024,0.006609408410519,0.0,0.0,0.0,0.0,131.0,68.5104597653394,0.4873486805399414,0.4873486805399414,131.0,131.0,131.0,0.4873486805399414,0.0104959630911188,0.0143863240636862,68.5104597653394
496_cropped_energy,2.6766935793925413,0.5879058052532322,198.41353383458647,227.0,37.39699248120301,0.0022433989597142,0.0,0.0,0.0,0.0,67.0,55.20499430108375,0.5879058052532322,0.5879058052532322,67.0,67.0,67.0,0.5879058052532322,0.0188291923267501,0.0177920131909117,55.20499430108375
498_cropped_energy,166.43864667435602,0.4786032033018425,17.935219716426836,14.0,11.214623720226577,0.0033224841287569,0.0,0.0,0.0,0.0,52.0,17.323540481824683,0.4786032033018425,0.4786032033018425,52.0,52.0,52.0,0.4786032033018425,0.6579398148148148,0.0545746058733524,17.323540481824683
499_cropped_energy,0.0,0.0,0.0,0.0,0.0,0.0,0.0,0.0,0.0,0.0,0.0,0.0,0.0,0.0,0.0,0.0,0.0,0.0,0.0,0.0,0.0
500_cropped_energy,3.175609381007305,0.3943398824194638,21.333633228370072,4.0,19.00974658869396,0.0105602160444158,0.0,0.0,0.0,0.0,240.0,46.89088328963896,0.3943398824194638,0.3943398824194638,240.0,240.0,240.0,0.3943398824194638,0.0360318986849356,0.0208808009230505,46.89088328963896
505_cropped_energy,83.96933487120339,0.6557793704813264,125.22338023813204,117.0,41.73629194371424,0.0007692696019361,0.0,0.0,0.0,0.0,37.0,51.30701500686021,0.6557793704813264,0.6557793704813264,37.0,37.0,37.0,0.6557793704813264,0.9999690747154872,0.0191178946049367,51.30701500686021
506_cropped_energy,212.5841753171857,0.4510130331333988,20.66228393914452,9.0,15.411597589145844,0.0049954917840959,0.0,0.0,0.0,0.0,255.0,45.03872859701466,0.4510130331333988,0.4510130331333988,255.0,255.0,255.0,0.4510130331333988,0.991157662043738,0.0217208430917626,45.03872859701466
507_cropped_energy,303.6905805459439,0.6322333457091257,60.99378383076674,45.0,40.11208886064871,0.0010519417561465,0.0,0.0,0.0,0.0,39.0,52.28213169094278,0.6322333457091257,0.6322333457091257,39.0,39.0,39.0,0.6322333457091257,0.8799238348418676,0.0187680178751179,52.28213169094278
512_cropped_energy,12.65926951172626,0.6504839502029791,142.61544811320755,158.0,79.67700471698113,0.0010102013780333,0.0,0.0,0.0,0.0,66.0,88.2188751144002,0.6504839502029791,0.6504839502029791,66.0,66.0,66.0,0.6504839502029791,0.0602919323990927,0.0112083905868321,88.2188751144002
515_cropped_energy,194.92681276432145,0.477030659430338,18.76037530074844,15.0,9.72784035565324,0.0033577236573554,0.0,0.0,0.0,0.0,54.0,18.263640859806472,0.477030659430338,0.477030659430338,54.0,54.0,54.0,0.477030659430338,0.9966561566544972,0.0519112667889535,18.263640859806472
516_cropped_energy,2.996232218377547,0.6504460899464184,163.1448275862069,159.0,47.197701149425285,0.0008383424792308,0.0,0.0,0.0,0.0,86.0,59.2338318958197,0.6504460899464184,0.6504460899464184,86.0,86.0,86.0,0.6504460899464184,0.0234855847100745,0.0166019655154863,59.2338318958197
517_cropped_energy,198.1587543252595,0.4346010560020175,17.0782903950754,13.0,7.745342474676741,0.0052059588360973,0.0,0.0,0.0,0.0,90.0,20.211199270510384,0.4346010560020175,0.4346010560020175,90.0,90.0,90.0,0.4346010560020175,0.9999348640286598,0.0471449062001074,20.211199270510384
519_cropped_energy,0.6499038831218762,0.6342259098589912,121.52727272727272,110.0,36.36767676767677,0.0009659158272302,0.0,0.0,0.0,0.0,80.0,48.220733664972855,0.6342259098589912,0.6342259098589912,80.0,80.0,80.0,0.6342259098589912,0.0041409426291221,0.0203166414951598,48.220733664972855
520_cropped_energy,2.8992848904267587,0.6358497419281878,177.8646188850967,198.0,42.448236632536975,0.0010034046105691,0.0,0.0,0.0,0.0,131.0,55.44703926650461,0.6358497419281878,0.6358497419281878,131.0,131.0,131.0,0.6358497419281878,0.0165681811756057,0.0177157210191074,55.44703926650461
521_cropped_energy,187.0704190695886,0.5321623242951226,32.71003397133151,29.0,14.248504432844475,0.0021261712946901,0.0,0.0,0.0,0.0,94.0,19.517796309106743,0.5321623242951226,0.5321623242951226,94.0,94.0,94.0,0.5321623242951226,0.9919291209152477,0.0487381775769044,19.517796309106743
523_cropped_energy,0.8262975778546713,0.635333709681386,177.35429769392033,183.0,41.15513626834382,0.0009651645370616,0.0,0.0,0.0,0.0,89.0,47.83319908139132,0.635333709681386,0.635333709681386,89.0,89.0,89.0,0.635333709681386,0.0064421154988925,0.0204778719971484,47.83319908139132
525_cropped_energy,0.5584467512495194,0.6337551350515715,140.59593023255815,150.0,39.29360465116279,0.0008995999167437,0.0,0.0,0.0,0.0,74.0,46.80410792142837,0.6337551350515715,0.6337551350515715,74.0,74.0,74.0,0.6337551350515715,0.003406615171321,0.0209187043432254,46.80410792142837
527_cropped_energy,218.09288735101885,0.4596172379641998,24.166793899329186,17.0,12.22692351422028,0.0043146658940004,0.0,0.0,0.0,0.0,89.0,31.043803070112915,0.4596172379641998,0.4596172379641998,89.0,89.0,89.0,0.4596172379641998,0.9999837577962578,0.0312072820386508,31.043803070112915
529_cropped_energy,0.052472126105344,0.5519593483803922,158.24242424242425,179.0,72.39393939393939,0.0016340681287729,0.0,0.0,0.0,0.0,12.0,84.72952699996738,0.5519593483803922,0.5519593483803922,12.0,12.0,12.0,0.5519593483803922,0.0003377928817827,0.0116645925271508,84.72952699996738
530_cropped_energy,259.94554402153017,0.5709607929245953,43.2689566704675,34.0,21.217744534232317,0.0017147241881717,0.0,0.0,0.0,0.0,95.0,34.21583066129049,0.5709607929245953,0.5709607929245953,95.0,95.0,95.0,0.5709607929245953,0.996615529039749,0.0283963200987108,34.21583066129049
531_cropped_energy,165.93151864667436,0.6575677993079807,89.13765688122811,85.0,42.55560463237274,0.0007918316584645,0.0,0.0,0.0,0.0,39.0,52.737555503844746,0.6575677993079807,0.6575677993079807,39.0,39.0,39.0,0.6575677993079807,0.9892469680499606,0.0186089596116528,52.737555503844746
532_cropped_energy,0.0072433679354094,0.3433926059246497,207.16985138004247,255.0,47.830148619957534,0.0083765169043688,0.0,0.0,0.0,0.0,2.0,61.92362962833606,0.3433926059246497,0.3433926059246497,2.0,2.0,2.0,0.3433926059246497,0.0045271049596309,0.015892280942892,61.92362962833606
533_cropped_energy,316.1870511341792,0.6062309858452873,64.86400858763993,58.0,27.203465726115628,0.0012936315276955,0.0,0.0,0.0,0.0,39.0,35.70764651229832,0.6062309858452873,0.6062309858452873,39.0,39.0,39.0,0.6062309858452873,0.9980776177153038,0.027242280424188,35.70764651229832
534_cropped_energy,133.15652441368704,0.6632047578392379,114.07453198583308,104.0,44.76650536448671,0.0007403585778999,0.0,0.0,0.0,0.0,39.0,56.19432480939342,0.6632047578392379,0.6632047578392379,39.0,39.0,39.0,0.6632047578392379,0.9976573218399732,0.0174842522109075,56.19432480939342
539_cropped_energy,292.03377162629755,0.4470524894777919,15.655944367284324,12.0,8.47449441301581,0.0042159381925849,0.0,0.0,0.0,0.0,92.0,19.58904682141449,0.4470524894777919,0.4470524894777919,92.0,92.0,92.0,0.4470524894777919,0.9997387454945692,0.0485695141049418,19.58904682141449
540_cropped_energy,66.86288350634372,0.4434405926644059,17.350767886702226,13.0,8.420383483538716,0.0046349046381405,0.0,0.0,0.0,0.0,78.0,21.528059831001816,0.4434405926644059,0.4434405926644059,78.0,78.0,78.0,0.4434405926644059,0.9999770099087292,0.0443890866546731,21.528059831001816
541_cropped_energy,254.2619146482122,0.4213812083851348,14.137014289682416,13.0,5.647356563069041,0.0051877534428049,0.0,0.0,0.0,0.0,231.0,11.36285428667784,0.4213812083851348,0.4213812083851348,231.0,231.0,231.0,0.4213812083851348,0.9972606955986456,0.0808874695771182,11.36285428667784
543_cropped_energy,166.13994617454824,0.4772902099370247,22.393032407407407,21.0,8.732777777777779,0.0033777829799554,0.0,0.0,0.0,0.0,66.0,12.073543642290074,0.4772902099370247,0.4772902099370247,66.0,66.0,66.0,0.4772902099370247,0.997229916897507,0.0764903554354778,12.073543642290074
544_cropped_energy,0.0,0.0,0.0,0.0,0.0,0.0,0.0,0.0,0.0,0.0,0.0,0.0,0.0,0.0,0.0,0.0,0.0,0.0,0.0,0.0,0.0
545_cropped_energy,0.1172933487120338,0.5430846856929321,186.84126984126985,179.0,24.349206349206348,0.0021941364296868,0.0,0.0,0.0,0.0,24.0,29.88188725112741,0.5430846856929321,0.5430846856929321,24.0,24.0,24.0,0.5430846856929321,0.000569270249756,0.0323814406764759,29.88188725112741
546_cropped_energy,94.9687812379854,0.4747464543317837,21.774485334762726,20.0,9.308346873481968,0.0033604514195484,0.0,0.0,0.0,0.0,130.0,18.93468426760106,0.4747464543317837,0.4747464543317837,130.0,130.0,130.0,0.4747464543317837,0.9999832495812396,0.0501638243463557,18.93468426760106
