comparison,model,meanA,meanB,delta,sd,ci_lo,ci_hi,p_t,p_w,nominal_05,survives_alpha0005
scale 0->1mm,SVM,0.7978,0.7871,-0.0107,0.0197,-0.022,0.0006,0.1194,0.1309,n,n
scale 0->1mm,LR,0.798,0.79,-0.008,0.0155,-0.0167,0.0012,0.1366,0.1602,n,n
scale 0->1mm,RF,0.7899,0.7998,0.01,0.0127,0.003,0.018,0.0354,0.0488,Y,n
scale 0->1mm,XGBoost,0.7874,0.8078,0.0204,0.0279,0.0048,0.0372,0.0464,0.0645,Y,n
scale 0->1mm,KNN,0.7262,0.729,0.0028,0.0255,-0.0117,0.0178,0.7353,0.8457,n,n
scale 1->2mm,SVM,0.7871,0.7893,0.0022,0.0133,-0.0053,0.0101,0.6105,0.7695,n,n
scale 1->2mm,LR,0.79,0.7913,0.0013,0.0127,-0.0054,0.0094,0.7535,0.7671,n,n
scale 1->2mm,RF,0.7998,0.7909,-0.0089,0.0079,-0.0136,-0.0045,0.0062,0.0098,Y,n
scale 1->2mm,XGBoost,0.8078,0.7921,-0.0157,0.033,-0.0346,0.0031,0.1663,0.0645,n,n
scale 1->2mm,KNN,0.729,0.7203,-0.0087,0.0226,-0.0222,0.0047,0.2556,0.3223,n,n
base->+VFA,SVM,0.7871,0.7832,-0.0039,0.0075,-0.0088,0.0,0.1346,0.2249,n,n
base->+VFA,LR,0.79,0.7862,-0.0037,0.0065,-0.0079,-0.0001,0.1039,0.0679,n,n
base->+VFA,RF,0.7998,0.8041,0.0042,0.0076,0.0002,0.009,0.111,0.0796,n,n
base->+VFA,XGBoost,0.8078,0.8113,0.0035,0.0149,-0.0043,0.0126,0.4735,0.4652,n,n
base->+VFA,KNN,0.729,0.7256,-0.0034,0.0096,-0.0094,0.0014,0.2926,0.5002,n,n
base->+3,SVM,0.7871,0.8026,0.0155,0.0072,0.0114,0.0197,0.0001,0.002,Y,Y
base->+3,LR,0.79,0.8133,0.0233,0.0118,0.0163,0.0301,0.0002,0.002,Y,Y
base->+3,RF,0.7998,0.8232,0.0234,0.0127,0.0156,0.0307,0.0003,0.002,Y,Y
base->+3,XGBoost,0.8078,0.8274,0.0196,0.021,0.0065,0.031,0.0159,0.0273,Y,n
base->+3,KNN,0.729,0.7398,0.0108,0.0197,-0.0009,0.0222,0.1164,0.1602,n,n
+VFA->+3,SVM,0.7832,0.8026,0.0193,0.01,0.0137,0.0253,0.0002,0.002,Y,Y
+VFA->+3,LR,0.7862,0.8133,0.0271,0.0136,0.0189,0.0347,0.0001,0.002,Y,Y
+VFA->+3,RF,0.8041,0.8232,0.0191,0.0142,0.0108,0.0277,0.0021,0.002,Y,Y
+VFA->+3,XGBoost,0.8113,0.8274,0.0161,0.0204,0.0038,0.0275,0.0342,0.0645,Y,n
+VFA->+3,KNN,0.7256,0.7398,0.0142,0.0225,0.0007,0.0269,0.0769,0.084,n,n
+3->+13,SVM,0.8026,0.807,0.0044,0.009,-0.0012,0.0093,0.1543,0.1602,n,n
+3->+13,LR,0.8133,0.8131,-0.0002,0.0079,-0.0049,0.0044,0.9367,0.9528,n,n
+3->+13,RF,0.8232,0.8259,0.0028,0.0106,-0.0038,0.0085,0.4336,0.4316,n,n
+3->+13,XGBoost,0.8274,0.8271,-0.0003,0.0092,-0.0058,0.0048,0.9081,0.859,n,n
+3->+13,KNN,0.7398,0.7333,-0.0065,0.0201,-0.0183,0.0048,0.3312,0.625,n,n
+13->+21,SVM,0.807,0.807,0.0,0.0021,-0.0012,0.0012,0.9626,0.8457,n,n
+13->+21,LR,0.8131,0.8107,-0.0024,0.0047,-0.0054,0.0001,0.1486,0.2324,n,n
+13->+21,RF,0.8259,0.8285,0.0026,0.0068,-0.0013,0.0066,0.2602,0.3223,n,n
+13->+21,XGBoost,0.8271,0.8308,0.0037,0.0069,0.0001,0.0081,0.125,0.0929,n,n
+13->+21,KNN,0.7333,0.7289,-0.0044,0.0191,-0.014,0.0076,0.4858,0.2324,n,n
+3->+21,SVM,0.8026,0.807,0.0045,0.0095,-0.0015,0.0096,0.1698,0.1309,n,n
+3->+21,LR,0.8133,0.8107,-0.0026,0.0112,-0.0097,0.0035,0.4856,0.8457,n,n
+3->+21,RF,0.8232,0.8285,0.0053,0.0124,-0.0024,0.0121,0.207,0.1602,n,n
+3->+21,XGBoost,0.8274,0.8308,0.0034,0.0083,-0.0016,0.0081,0.2337,0.2135,n,n
+3->+21,KNN,0.7398,0.7289,-0.0109,0.0176,-0.0219,-0.0017,0.0819,0.0488,n,n
