case_id,energy_file,flow_pixels,total_pixels,flow_density
001,001_cropped_energy.png,0,63640,0.00000000
003,003_cropped_energy.png,184,99640,0.00184665
004,004_cropped_energy.png,0,50635,0.00000000
006,006_cropped_energy.png,32,68820,0.00046498
008,008_cropped_energy.png,79656,80400,0.99074627
009,009_cropped_energy.png,2229,71456,0.03119402
010,010_cropped_energy.png,77498,77592,0.99878853
014,014_cropped_energy.png,73140,76140,0.96059890
015,015_cropped_energy.png,524,60609,0.00864558
016,016_cropped_energy.png,0,93472,0.00000000
017,017_cropped_energy.png,535,185925,0.00287750
018,018_cropped_energy.png,73198,73216,0.99975415
019,019_cropped_energy.png,297,54180,0.00548173
020,020_cropped_energy.png,7709,100141,0.07698146
022,022_cropped_energy.png,108979,136752,0.79690973
023,023_cropped_energy.png,0,57782,0.00000000
025,025_cropped_energy.png,149942,152100,0.98581197
026,026_cropped_energy.png,76611,76636,0.99967378
027,027_cropped_energy.png,0,65670,0.00000000
028,028_cropped_energy.png,121,87936,0.00137600
030,030_cropped_energy.png,0,49283,0.00000000
031,031_cropped_energy.png,191082,191235,0.99919994
032,032_cropped_energy.png,122597,122760,0.99867221
033,033_cropped_energy.png,158352,158360,0.99994948
034,034_cropped_energy.png,808,62115,0.01300813
035,035_cropped_energy.png,469,54918,0.00854001
036,036_cropped_energy.png,228,64216,0.00355052
037,037_cropped_energy.png,0,58644,0.00000000
038,038_cropped_energy.png,1418,141680,0.01000847
039,039_cropped_energy.png,114,84609,0.00134737
040,040_cropped_energy.png,4,73692,0.00005428
041,041_cropped_energy.png,76969,76973,0.99994803
042,042_cropped_energy.png,1160,74480,0.01557465
043,043_cropped_energy.png,1612,121706,0.01324503
044,044_cropped_energy.png,135,83025,0.00162602
046,046_cropped_energy.png,2257,133640,0.01688866
048,048_cropped_energy.png,1546,71820,0.02152604
049,049_cropped_energy.png,109871,109969,0.99910884
050,050_cropped_energy.png,91958,91959,0.99998913
051,051_cropped_energy.png,20,32696,0.00061170
053,053_cropped_energy.png,0,68736,0.00000000
054,054_cropped_energy.png,0,61952,0.00000000
055,055_cropped_energy.png,182,83592,0.00217724
056,056_cropped_energy.png,1092,37908,0.02880658
057,057_cropped_energy.png,127687,127840,0.99880319
058,058_cropped_energy.png,71892,71905,0.99981921
059,059_cropped_energy.png,147687,147742,0.99962773
060,060_cropped_energy.png,532,140012,0.00379967
061,061_cropped_energy.png,149049,149056,0.99995304
062,062_cropped_energy.png,224231,224352,0.99946067
063,063_cropped_energy.png,697,78232,0.00890940
064,064_cropped_energy.png,112580,112752,0.99847453
067,067_cropped_energy.png,58,70560,0.00082200
069,069_cropped_energy.png,142761,143031,0.99811230
070,070_cropped_energy.png,123968,127136,0.97508180
071,071_cropped_energy.png,1246,107586,0.01158143
073,073_cropped_energy.png,429,62708,0.00684123
074,074_cropped_energy.png,56059,56088,0.99948296
076,076_cropped_energy.png,1547,107640,0.01437198
077,077_cropped_energy.png,813,147098,0.00552693
079,079_cropped_energy.png,150403,150500,0.99935548
081,081_cropped_energy.png,424,102011,0.00415641
086,086_cropped_energy.png,75811,75888,0.99898535
088,088_cropped_energy.png,60128,60528,0.99339149
090,090_cropped_energy.png,133834,134037,0.99848549
092,092_cropped_energy.png,222,72657,0.00305545
094,094_cropped_energy.png,397,75396,0.00526553
098,098_cropped_energy.png,91482,92484,0.98916569
100,100_cropped_energy.png,0,63687,0.00000000
101,101_cropped_energy.png,124901,124956,0.99955985
102,102_cropped_energy.png,167068,167090,0.99986833
104,104_cropped_energy.png,0,75624,0.00000000
105,105_cropped_energy.png,27,47066,0.00057366
106,106_cropped_energy.png,0,119110,0.00000000
107,107_cropped_energy.png,665,70209,0.00947172
108,108_cropped_energy.png,227853,228900,0.99542595
109,109_cropped_energy.png,66,103074,0.00064032
110,110_cropped_energy.png,155990,156000,0.99993590
112,112_cropped_energy.png,51930,52288,0.99315330
116,116_cropped_energy.png,0,64575,0.00000000
117,117_cropped_energy.png,161547,168129,0.96085149
118,118_cropped_energy.png,165525,167254,0.98966243
119,119_cropped_energy.png,156484,168960,0.92616004
122,122_cropped_energy.png,0,230388,0.00000000
123,123_cropped_energy.png,50236,50240,0.99992038
124,124_cropped_energy.png,774,150552,0.00514108
125,125_cropped_energy.png,98123,98175,0.99947033
126,126_cropped_energy.png,448,85608,0.00523316
127,127_cropped_energy.png,39,82962,0.00047009
129,129_cropped_energy.png,0,94334,0.00000000
131,131_cropped_energy.png,974,77526,0.01256353
135,135_cropped_energy.png,552,52812,0.01045217
136,136_cropped_energy.png,219565,223054,0.98435805
137,137_cropped_energy.png,40,69138,0.00057855
139,139_cropped_energy.png,211161,211344,0.99913411
141,141_cropped_energy.png,160281,161200,0.99429901
142,142_cropped_energy.png,110422,110448,0.99976460
143,143_cropped_energy.png,75882,75999,0.99846051
144,144_cropped_energy.png,144972,145236,0.99818227
145,145_cropped_energy.png,2333,76311,0.03057226
151,151_cropped_energy.png,1374,60800,0.02259868
152,152_cropped_energy.png,66101,66248,0.99778107
155,155_cropped_energy.png,230,69576,0.00330574
156,156_cropped_energy.png,0,76050,0.00000000
157,157_cropped_energy.png,0,66021,0.00000000
158,158_cropped_energy.png,93,61152,0.00152080
159,159_cropped_energy.png,122837,122850,0.99989418
160,160_cropped_energy.png,173577,175770,0.98752347
161,161_cropped_energy.png,178321,178352,0.99982619
162,162_cropped_energy.png,77607,81474,0.95253701
164,164_cropped_energy.png,0,88480,0.00000000
166,166_cropped_energy.png,891,111180,0.00801403
167,167_cropped_energy.png,0,96600,0.00000000
168,168_cropped_energy.png,98,115168,0.00085093
169,169_cropped_energy.png,0,73283,0.00000000
170,170_cropped_energy.png,80129,80135,0.99992513
171,171_cropped_energy.png,152955,153648,0.99548969
172,172_cropped_energy.png,5,84376,0.00005926
173,173_cropped_energy.png,66834,66930,0.99856567
174,174_cropped_energy.png,0,30770,0.00000000
175,175_cropped_energy.png,209,88000,0.00237500
176,176_cropped_energy.png,1226,83421,0.01469654
177,177_cropped_energy.png,51628,52700,0.97965844
178,178_cropped_energy.png,0,41400,0.00000000
179,179_cropped_energy.png,1506,78013,0.01930447
180,180_cropped_energy.png,189,71680,0.00263672
181,181_cropped_energy.png,0,68614,0.00000000
183,183_cropped_energy.png,131287,134050,0.97938829
184,184_cropped_energy.png,58,105408,0.00055024
186,186_cropped_energy.png,138702,138816,0.99917877
190,190_cropped_energy.png,27342,179928,0.15196078
191,191_cropped_energy.png,3324,79788,0.04166040
193,193_cropped_energy.png,117093,117094,0.99999146
195,195_cropped_energy.png,130379,132010,0.98764488
196,196_cropped_energy.png,76831,76832,0.99998698
198,198_cropped_energy.png,217,64883,0.00334448
200,200_cropped_energy.png,145215,176904,0.82086895
201,201_cropped_energy.png,118,78390,0.00150529
202,202_cropped_energy.png,63238,63248,0.99984189
204,204_cropped_energy.png,13,48168,0.00026989
205,205_cropped_energy.png,0,136968,0.00000000
206,206_cropped_energy.png,129672,129675,0.99997687
207,207_cropped_energy.png,20,138532,0.00014437
208,208_cropped_energy.png,21,72900,0.00028807
209,209_cropped_energy.png,682,75500,0.00903311
210,210_cropped_energy.png,142,64400,0.00220497
211,211_cropped_energy.png,167411,168218,0.99520265
213,213_cropped_energy.png,579,63973,0.00905069
216,216_cropped_energy.png,127015,127024,0.99992915
217,217_cropped_energy.png,0,90684,0.00000000
218,218_cropped_energy.png,47,50374,0.00093302
219,219_cropped_energy.png,0,111146,0.00000000
223,223_cropped_energy.png,40973,40984,0.99973160
224,224_cropped_energy.png,115668,115770,0.99911894
225,225_cropped_energy.png,65490,69560,0.94148936
226,226_cropped_energy.png,187127,187128,0.99999466
227,227_cropped_energy.png,147,102168,0.00143881
229,229_cropped_energy.png,0,48697,0.00000000
231,231_cropped_energy.png,119,88220,0.00134890
232,232_cropped_energy.png,30,112896,0.00026573
233,233_cropped_energy.png,478,41736,0.01145294
235,235_cropped_energy.png,133378,133380,0.99998501
237,237_cropped_energy.png,1641,63222,0.02595615
238,238_cropped_energy.png,2711,130548,0.02076631
239,239_cropped_energy.png,237860,237899,0.99983606
241,241_cropped_energy.png,423,78496,0.00538881
243,243_cropped_energy.png,645,64914,0.00993622
244,244_cropped_energy.png,161695,169312,0.95501205
246,246_cropped_energy.png,202958,203158,0.99901554
247,247_cropped_energy.png,241584,241636,0.99978480
250,250_cropped_energy.png,126,64964,0.00193954
252,252_cropped_energy.png,80188,80240,0.99935194
254,254_cropped_energy.png,481,55671,0.00864005
256,256_cropped_energy.png,297476,297480,0.99998655
257,257_cropped_energy.png,80719,80812,0.99884918
258,258_cropped_energy.png,83117,84180,0.98737230
259,259_cropped_energy.png,97408,97526,0.99879007
262,262_cropped_energy.png,426,91590,0.00465116
263,263_cropped_energy.png,171093,173040,0.98874827
264,264_cropped_energy.png,1429,116875,0.01222674
265,265_cropped_energy.png,122713,123120,0.99669428
266,266_cropped_energy.png,88,39338,0.00223702
272,272_cropped_energy.png,1383,133950,0.01032475
273,273_cropped_energy.png,94501,97440,0.96983785
276,276_cropped_energy.png,124838,125664,0.99342692
278,278_cropped_energy.png,247,74347,0.00332226
279,279_cropped_energy.png,1008,168732,0.00597397
280,280_cropped_energy.png,42,75864,0.00055362
281,281_cropped_energy.png,1985,78000,0.02544872
282,282_cropped_energy.png,1003,95675,0.01048341
283,283_cropped_energy.png,191460,191475,0.99992166
284,284_cropped_energy.png,146995,147000,0.99996599
285,285_cropped_energy.png,166599,170800,0.97540398
286,286_cropped_energy.png,0,75284,0.00000000
287,287_cropped_energy.png,0,87841,0.00000000
288,288_cropped_energy.png,995,70278,0.01415806
290,290_cropped_energy.png,441,132210,0.00333560
292,292_cropped_energy.png,182,75993,0.00239496
294,294_cropped_energy.png,423,159048,0.00265957
295,295_cropped_energy.png,125102,125120,0.99985614
297,297_cropped_energy.png,272112,272640,0.99806338
298,298_cropped_energy.png,805,124862,0.00644712
300,300_cropped_energy.png,0,72372,0.00000000
302,302_cropped_energy.png,106,44517,0.00238111
303,303_cropped_energy.png,6111,104750,0.05833890
305,305_cropped_energy.png,157406,157410,0.99997459
306,306_cropped_energy.png,111460,111557,0.99913049
312,312_cropped_energy.png,0,50566,0.00000000
313,313_cropped_energy.png,40,88072,0.00045417
314,314_cropped_energy.png,162226,171592,0.94541704
315,315_cropped_energy.png,1874,101491,0.01846469
317,317_cropped_energy.png,130132,130180,0.99963128
319,319_cropped_energy.png,335,112266,0.00298398
320,320_cropped_energy.png,0,117245,0.00000000
321,321_cropped_energy.png,0,47400,0.00000000
322,322_cropped_energy.png,538,48994,0.01098094
323,323_cropped_energy.png,173451,173455,0.99997694
324,324_cropped_energy.png,184,51740,0.00355624
325,325_cropped_energy.png,113,102460,0.00110287
326,326_cropped_energy.png,169895,170146,0.99852480
327,327_cropped_energy.png,0,63581,0.00000000
328,328_cropped_energy.png,0,68266,0.00000000
329,329_cropped_energy.png,165805,165838,0.99980101
330,330_cropped_energy.png,43,66176,0.00064978
333,333_cropped_energy.png,180000,180056,0.99968899
334,334_cropped_energy.png,20435,242274,0.08434665
336,336_cropped_energy.png,49,61994,0.00079040
337,337_cropped_energy.png,36,50820,0.00070838
338,338_cropped_energy.png,783,78624,0.00995879
339,339_cropped_energy.png,29,95816,0.00030266
340,340_cropped_energy.png,169569,173910,0.97503881
341,341_cropped_energy.png,130285,130293,0.99993860
342,342_cropped_energy.png,248,106176,0.00233574
343,343_cropped_energy.png,37,82468,0.00044866
344,344_cropped_energy.png,1457,93150,0.01564144
345,345_cropped_energy.png,10,46605,0.00021457
347,347_cropped_energy.png,175,90092,0.00194246
349,349_cropped_energy.png,200,58800,0.00340136
351,351_cropped_energy.png,358,76641,0.00467113
352,352_cropped_energy.png,0,71165,0.00000000
353,353_cropped_energy.png,148927,148930,0.99997986
354,354_cropped_energy.png,5351,139403,0.03838511
355,355_cropped_energy.png,1213,87780,0.01381864
359,359_cropped_energy.png,16,122695,0.00013040
360,360_cropped_energy.png,143,76248,0.00187546
361,361_cropped_energy.png,137966,139633,0.98806156
362,362_cropped_energy.png,236,57000,0.00414035
363,363_cropped_energy.png,118754,118755,0.99999158
365,365_cropped_energy.png,1860,117199,0.01587044
366,366_cropped_energy.png,6114,185076,0.03303508
367,367_cropped_energy.png,30,69042,0.00043452
368,368_cropped_energy.png,0,72712,0.00000000
369,369_cropped_energy.png,177040,177801,0.99571993
373,373_cropped_energy.png,420,37760,0.01112288
374,374_cropped_energy.png,477,67847,0.00703052
377,377_cropped_energy.png,131881,131970,0.99932560
379,379_cropped_energy.png,14,48400,0.00028926
382,382_cropped_energy.png,74578,74705,0.99829998
384,384_cropped_energy.png,91,62702,0.00145131
387,387_cropped_energy.png,91259,91371,0.99877423
389,389_cropped_energy.png,181394,181485,0.99949858
390,390_cropped_energy.png,44425,44454,0.99934764
392,392_cropped_energy.png,0,44128,0.00000000
393,393_cropped_energy.png,0,44576,0.00000000
396,396_cropped_energy.png,373,75900,0.00491436
397,397_cropped_energy.png,48302,48501,0.99589699
398,398_cropped_energy.png,62306,64872,0.96044518
399,399_cropped_energy.png,650,55822,0.01164415
402,402_cropped_energy.png,47480,48199,0.98508268
403,403_cropped_energy.png,113256,117189,0.96643883
404,404_cropped_energy.png,336750,336980,0.99931747
405,405_cropped_energy.png,21,74258,0.00028280
409,409_cropped_energy.png,541,104918,0.00515641
410,410_cropped_energy.png,48930,49006,0.99844917
411,411_cropped_energy.png,48380,48384,0.99991733
412,412_cropped_energy.png,548,152460,0.00359439
415,415_cropped_energy.png,106499,107168,0.99375746
416,416_cropped_energy.png,1547,126542,0.01222519
419,419_cropped_energy.png,31,92862,0.00033383
420,420_cropped_energy.png,607,100812,0.00602111
421,421_cropped_energy.png,120251,121176,0.99236648
423,423_cropped_energy.png,123,94276,0.00130468
424,424_cropped_energy.png,139,74520,0.00186527
426,426_cropped_energy.png,0,71810,0.00000000
427,427_cropped_energy.png,123196,123202,0.99995130
429,429_cropped_energy.png,72,78008,0.00092298
430,430_cropped_energy.png,392,42180,0.00929350
431,431_cropped_energy.png,0,42900,0.00000000
435,435_cropped_energy.png,162453,166692,0.97456987
438,438_cropped_energy.png,71,96996,0.00073199
439,439_cropped_energy.png,0,26565,0.00000000
443,443_cropped_energy.png,1156,86366,0.01338490
445,445_cropped_energy.png,2371,101920,0.02326334
451,451_cropped_energy.png,46016,46029,0.99971757
454,454_cropped_energy.png,158682,161280,0.98389137
455,455_cropped_energy.png,162461,162495,0.99979076
457,457_cropped_energy.png,2024,145393,0.01392089
458,458_cropped_energy.png,0,42251,0.00000000
460,460_cropped_energy.png,1962,65340,0.03002755
461,461_cropped_energy.png,150550,150660,0.99926988
463,463_cropped_energy.png,0,87560,0.00000000
466,466_cropped_energy.png,78104,78110,0.99992319
469,469_cropped_energy.png,104651,104664,0.99987579
470,470_cropped_energy.png,4178,27010,0.15468345
473,473_cropped_energy.png,5711,96800,0.05899793
476,476_cropped_energy.png,161,47376,0.00339835
480,480_cropped_energy.png,956,157680,0.00606291
483,483_cropped_energy.png,46675,46683,0.99982863
485,485_cropped_energy.png,59137,59153,0.99972951
486,486_cropped_energy.png,712,61468,0.01158326
487,487_cropped_energy.png,118,66744,0.00176795
488,488_cropped_energy.png,164797,166696,0.98860800
489,489_cropped_energy.png,0,98800,0.00000000
492,492_cropped_energy.png,1854,37011,0.05009322
497,497_cropped_energy.png,100,78780,0.00126936
501,501_cropped_energy.png,293959,306977,0.95759291
502,502_cropped_energy.png,0,50320,0.00000000
503,503_cropped_energy.png,191583,191590,0.99996346
504,504_cropped_energy.png,76631,76639,0.99989561
508,508_cropped_energy.png,67210,67768,0.99176603
509,509_cropped_energy.png,0,96913,0.00000000
510,510_cropped_energy.png,398,63404,0.00627721
511,511_cropped_energy.png,106424,106634,0.99803065
513,513_cropped_energy.png,2998,101088,0.02965733
514,514_cropped_energy.png,37551,37638,0.99768851
518,518_cropped_energy.png,979,60690,0.01613116
522,522_cropped_energy.png,122416,122553,0.99888212
524,524_cropped_energy.png,268,142352,0.00188266
526,526_cropped_energy.png,1852,78385,0.02362697
528,528_cropped_energy.png,23218,23220,0.99991387
535,535_cropped_energy.png,76270,76372,0.99866443
536,536_cropped_energy.png,0,78898,0.00000000
537,537_cropped_energy.png,107139,107158,0.99982269
538,538_cropped_energy.png,165707,165984,0.99833116
542,542_cropped_energy.png,147405,147420,0.99989825
