FeatureSet,Model,AUC,SD
base(1mm gray),SVM,0.7871,0.0427
base(1mm gray),LR,0.79,0.043
base(1mm gray),RF,0.7998,0.0297
base(1mm gray),XGBoost,0.8078,0.0281
base(1mm gray),KNN,0.729,0.0342
+VFA,SVM,0.7832,0.0409
+VFA,LR,0.7862,0.0421
+VFA,RF,0.8041,0.0315
+VFA,XGBoost,0.8113,0.0311
+VFA,KNN,0.7256,0.0375
+3,SVM,0.8026,0.0416
+3,LR,0.8133,0.042
+3,RF,0.8232,0.0277
+3,XGBoost,0.8274,0.0273
+3,KNN,0.7398,0.0256
+13,SVM,0.807,0.0446
+13,LR,0.8131,0.0436
+13,RF,0.8259,0.0258
+13,XGBoost,0.8271,0.0284
+13,KNN,0.7333,0.0299
+21,SVM,0.807,0.0443
+21,LR,0.8107,0.0472
+21,RF,0.8285,0.0257
+21,XGBoost,0.8308,0.0281
+21,KNN,0.7289,0.0262
