Model,Feature_Range,Metric,Mean,SD
KNN,0,Accuracy,0.7048780487804878,0.016178657513928774
KNN,0,Sensitivity,0.5015873015873016,0.048249790963716406
KNN,0,Specificity,0.8316831683168318,0.0342980357934431
KNN,0,Precision,0.6536459470307128,0.04006411989998597
KNN,0,F1,0.5652805077738305,0.02976532842693639
KNN,0,AUC,0.7264890774791765,0.030929810353704918
KNN,1,Accuracy,0.7030487804878048,0.030615585879593142
KNN,1,Sensitivity,0.5174603174603174,0.05079365079365081
KNN,1,Specificity,0.8188118811881188,0.0359857066245272
KNN,1,Precision,0.642151545953157,0.053236862595612354
KNN,1,F1,0.5719715099300704,0.04538542997560632
KNN,1,AUC,0.7176803394625177,0.03836368886695383
KNN,2,Accuracy,0.7121951219512196,0.0234260642832909
KNN,2,Sensitivity,0.5095238095238095,0.039809321282490345
KNN,2,Specificity,0.8386138613861387,0.03225049004931155
KNN,2,Precision,0.6655961280632063,0.04823295592276155
KNN,2,F1,0.5760279690383705,0.03413144605342114
KNN,2,AUC,0.722120069149772,0.036056438481397036
KNN,3,Accuracy,0.724390243902439,0.01654226825152506
KNN,3,Sensitivity,0.5190476190476191,0.04378766420359912
KNN,3,Specificity,0.8524752475247526,0.04020582278068705
KNN,3,Precision,0.6927125340668062,0.04974263309903075
KNN,3,F1,0.5906588827086903,0.024104627196543434
KNN,3,AUC,0.7292079207920792,0.021376640988081293
KNN,4,Accuracy,0.7146341463414634,0.026269096620168304
KNN,4,Sensitivity,0.5206349206349207,0.06764214524654769
KNN,4,Specificity,0.8356435643564357,0.03289752024918048
KNN,4,Precision,0.6649520640291284,0.042466625730051014
KNN,4,F1,0.5816859255037479,0.051148938365597134
KNN,4,AUC,0.7322489391796323,0.026000797073706332
LR,0,Accuracy,0.7682926829268293,0.031566290501328774
LR,0,Sensitivity,0.626984126984127,0.049308649419076415
LR,0,Specificity,0.8564356435643564,0.03737541799638986
LR,0,Precision,0.733902772911185,0.05276804967907711
LR,0,F1,0.6750435692519208,0.04258593316756023
LR,0,AUC,0.7979255068363978,0.037953701019200835
LR,1,Accuracy,0.7591463414634145,0.040193057311407314
LR,1,Sensitivity,0.6285714285714284,0.037696324085834655
LR,1,Specificity,0.8405940594059407,0.04879691695188755
LR,1,Precision,0.714888023342948,0.06609311815478676
LR,1,F1,0.6681237771060743,0.04649777132160164
LR,1,AUC,0.78997328304259,0.043158227935280444
LR,2,Accuracy,0.7701219512195122,0.03168972307362509
LR,2,Sensitivity,0.653968253968254,0.03742801943667172
LR,2,Specificity,0.8425742574257425,0.044598438136852304
LR,2,Precision,0.7253691186765272,0.055863659498848056
LR,2,F1,0.6865381504676338,0.036628843896131295
LR,2,AUC,0.7926606946408926,0.04045971384703971
LR,3,Accuracy,0.7603658536585366,0.039521415666094635
LR,3,Sensitivity,0.6507936507936508,0.04866574513255838
LR,3,Specificity,0.8287128712871287,0.04769976027899368
LR,3,Precision,0.706290311337382,0.060484654101402774
LR,3,F1,0.6763766509688671,0.048618482088769184
LR,3,AUC,0.7923620933521924,0.043309880333141856
LR,4,Accuracy,0.7628048780487804,0.03673242800446107
LR,4,Sensitivity,0.653968253968254,0.05489402052631929
LR,4,Specificity,0.8306930693069308,0.04979125132942637
LR,4,Precision,0.7108205202747837,0.060738349132352265
LR,4,F1,0.6793572239315049,0.045699809493630776
LR,4,AUC,0.7859185918591859,0.03904609727565329
RF,0,Accuracy,0.7408536585365854,0.02716667001212864
RF,0,Sensitivity,0.5492063492063491,0.04211587035371937
RF,0,Specificity,0.8603960396039605,0.034426413169730115
RF,0,Precision,0.7131605746613827,0.053461786748523595
RF,0,F1,0.6193438788843373,0.03881074210347204
RF,0,AUC,0.7906962124783907,0.03145502828609363
RF,1,Accuracy,0.7457317073170732,0.023306725431239524
RF,1,Sensitivity,0.5650793650793651,0.03835887610664944
RF,1,Specificity,0.8584158415841584,0.03314983968867963
RF,1,Precision,0.7163590222824407,0.04892649377312808
RF,1,F1,0.6304985039175899,0.032069308261069684
RF,1,AUC,0.7972497249724971,0.030961072528227655
RF,2,Accuracy,0.7554878048780488,0.019936320395453448
RF,2,Sensitivity,0.5714285714285714,0.0375624113212674
RF,2,Specificity,0.8702970297029703,0.02850728722552073
RF,2,Precision,0.735821470717686,0.04626024249846151
RF,2,F1,0.6420125803540897,0.029432135657555012
RF,2,AUC,0.7913562784849912,0.029183140998623167
RF,3,Accuracy,0.751829268292683,0.020232512223215943
RF,3,Sensitivity,0.553968253968254,0.04570215888535864
RF,3,Specificity,0.8752475247524754,0.031058192359125023
RF,3,Precision,0.7378616102683889,0.04564801043815981
RF,3,F1,0.6310060461292407,0.033570742418827716
RF,3,AUC,0.7963696369636963,0.027173080851881255
RF,4,Accuracy,0.75,0.026438394376437583
RF,4,Sensitivity,0.553968253968254,0.044017221028133505
RF,4,Specificity,0.8722772277227723,0.031137000383200795
RF,4,Precision,0.7325604283831386,0.054189287510178964
RF,4,F1,0.6296566139127724,0.03964861748582924
RF,4,AUC,0.7925506836397924,0.034823658900157484
SVM,0,Accuracy,0.7664634146341465,0.03362516019259083
SVM,0,Sensitivity,0.5904761904761904,0.05302632726504783
SVM,0,Specificity,0.8762376237623762,0.037896354869316126
SVM,0,Precision,0.7512761112702869,0.06046881833646007
SVM,0,F1,0.659843552784596,0.048353546777852516
SVM,0,AUC,0.7979097909790979,0.037081377967493424
SVM,1,Accuracy,0.7615853658536584,0.030905672920668748
SVM,1,Sensitivity,0.5984126984126984,0.03759593422960956
SVM,1,Specificity,0.8633663366336635,0.03618943937128131
SVM,1,Precision,0.7345218379063534,0.05681622511951394
SVM,1,F1,0.6587817811661968,0.04051458922087455
SVM,1,AUC,0.7863429200062864,0.042412728582810345
SVM,2,Accuracy,0.7597560975609756,0.03111548981017823
SVM,2,Sensitivity,0.5984126984126984,0.040809397245023624
SVM,2,Specificity,0.8603960396039604,0.046111409988891176
SVM,2,Precision,0.732996542440021,0.06049289065891574
SVM,2,F1,0.6570397727046544,0.03786726541050284
SVM,2,AUC,0.7887317303158886,0.03855680207228219
SVM,3,Accuracy,0.7536585365853659,0.03297196545023363
SVM,3,Sensitivity,0.6031746031746031,0.04654881999560375
SVM,3,Specificity,0.8475247524752476,0.04476298833844481
SVM,3,Precision,0.715756538588395,0.060349937456385505
SVM,3,F1,0.653023443167742,0.041958527787988135
SVM,3,AUC,0.785989313217036,0.040403253953072454
SVM,4,Accuracy,0.7573170731707317,0.027648253777450348
SVM,4,Sensitivity,0.5968253968253968,0.060733734824472974
SVM,4,Specificity,0.8574257425742575,0.04205299125068376
SVM,4,Precision,0.727324549325861,0.05209497668532927
SVM,4,F1,0.6529937469272509,0.041200880075232746
SVM,4,AUC,0.7835454974068835,0.03634448221387666
XGBoost,0,Accuracy,0.7554878048780489,0.028266651186583586
XGBoost,0,Sensitivity,0.6253968253968255,0.04719386903910635
XGBoost,0,Specificity,0.8366336633663366,0.036847116962234444
XGBoost,0,Precision,0.7075759993603461,0.05005895838582892
XGBoost,0,F1,0.6625194238148667,0.03753783786754176
XGBoost,0,AUC,0.7895332390381895,0.025217639354421516
XGBoost,1,Accuracy,0.7542682926829268,0.0243978646631007
XGBoost,1,Sensitivity,0.6333333333333332,0.047327147669446255
XGBoost,1,Specificity,0.8297029702970298,0.03618943937128131
XGBoost,1,Precision,0.7011801762619397,0.04156485032747641
XGBoost,1,F1,0.6640568425307779,0.03361845109105034
XGBoost,1,AUC,0.8028131384567028,0.025062633997328308
XGBoost,2,Accuracy,0.748780487804878,0.03177759566047657
XGBoost,2,Sensitivity,0.5968253968253968,0.03965078094221204
XGBoost,2,Specificity,0.8435643564356436,0.04511202277185947
XGBoost,2,Precision,0.7083471330595171,0.05990941449906611
XGBoost,2,F1,0.6463821044997184,0.038935630705302884
XGBoost,2,AUC,0.7943580072292943,0.0345182089427932
XGBoost,3,Accuracy,0.7445121951219513,0.029426654907350375
XGBoost,3,Sensitivity,0.6063492063492063,0.03389548651438511
XGBoost,3,Specificity,0.8306930693069307,0.046744838154902484
XGBoost,3,Precision,0.6953184792298679,0.05499873695520055
XGBoost,3,F1,0.6462843319667909,0.03140831255984988
XGBoost,3,AUC,0.7964325003928964,0.032250459415570774
XGBoost,4,Accuracy,0.748780487804878,0.03490021468598585
XGBoost,4,Sensitivity,0.6,0.04804046333467161
XGBoost,4,Specificity,0.8415841584158417,0.03678054578417169
XGBoost,4,Precision,0.7042372534787271,0.056404795186378184
XGBoost,4,F1,0.6472454338472436,0.047576647782379605
XGBoost,4,AUC,0.7878516423070879,0.03779782609594703
