Scale,Model,Metric,Mean,SD
0mm,SVM,acc,0.7671,0.0326
0mm,SVM,sen,0.5905,0.053
0mm,SVM,spe,0.8772,0.0355
0mm,SVM,prec,0.7523,0.0581
0mm,SVM,f1,0.6603,0.0478
0mm,SVM,auc,0.7977,0.0372
0mm,LR,acc,0.7683,0.0311
0mm,LR,sen,0.6238,0.0487
0mm,LR,spe,0.8584,0.0368
0mm,LR,prec,0.7355,0.052
0mm,LR,f1,0.6739,0.0423
0mm,LR,auc,0.7979,0.0379
0mm,RF,acc,0.7384,0.0269
0mm,RF,sen,0.5413,0.0484
0mm,RF,spe,0.8614,0.0337
0mm,RF,prec,0.7113,0.0524
0mm,RF,f1,0.6133,0.0423
0mm,RF,auc,0.7896,0.0319
0mm,XGBoost,acc,0.7543,0.0277
0mm,XGBoost,sen,0.6238,0.046
0mm,XGBoost,spe,0.8356,0.0368
0mm,XGBoost,prec,0.7059,0.0498
0mm,XGBoost,f1,0.6609,0.0365
0mm,XGBoost,auc,0.7884,0.0254
0mm,KNN,acc,0.7055,0.017
0mm,KNN,sen,0.5016,0.0564
0mm,KNN,spe,0.8327,0.0318
0mm,KNN,prec,0.6539,0.0353
0mm,KNN,f1,0.5653,0.0367
0mm,KNN,auc,0.7307,0.0302
1mm,SVM,acc,0.7616,0.0325
1mm,SVM,sen,0.5952,0.0409
1mm,SVM,spe,0.8653,0.0374
1mm,SVM,prec,0.7364,0.06
1mm,SVM,f1,0.6575,0.0437
1mm,SVM,auc,0.7873,0.0428
1mm,LR,acc,0.7591,0.0413
1mm,LR,sen,0.627,0.039
1mm,LR,spe,0.8416,0.0493
1mm,LR,prec,0.7157,0.0679
1mm,LR,f1,0.6676,0.0483
1mm,LR,auc,0.7898,0.0431
1mm,RF,acc,0.7476,0.0177
1mm,RF,sen,0.5683,0.0331
1mm,RF,spe,0.8594,0.0269
1mm,RF,prec,0.7179,0.0371
1mm,RF,f1,0.6334,0.0251
1mm,RF,auc,0.7991,0.0326
1mm,XGBoost,acc,0.7512,0.026
1mm,XGBoost,sen,0.6222,0.0367
1mm,XGBoost,spe,0.8317,0.0394
1mm,XGBoost,prec,0.7005,0.0476
1mm,XGBoost,f1,0.6579,0.0309
1mm,XGBoost,auc,0.8025,0.0247
1mm,KNN,acc,0.703,0.0294
1mm,KNN,sen,0.5079,0.0426
1mm,KNN,spe,0.8248,0.0371
1mm,KNN,prec,0.6463,0.0547
1mm,KNN,f1,0.5678,0.0408
1mm,KNN,auc,0.7216,0.0358
2mm,SVM,acc,0.7652,0.0311
2mm,SVM,sen,0.6079,0.0369
2mm,SVM,spe,0.8634,0.0415
2mm,SVM,prec,0.739,0.0579
2mm,SVM,f1,0.6659,0.0377
2mm,SVM,auc,0.7893,0.0389
2mm,LR,acc,0.7707,0.0316
2mm,LR,sen,0.654,0.0374
2mm,LR,spe,0.8436,0.044
2mm,LR,prec,0.7265,0.0547
2mm,LR,f1,0.6871,0.0366
2mm,LR,auc,0.7913,0.039
2mm,RF,acc,0.7543,0.0238
2mm,RF,sen,0.5683,0.0407
2mm,RF,spe,0.8703,0.0282
2mm,RF,prec,0.734,0.0475
2mm,RF,f1,0.6396,0.0356
2mm,RF,auc,0.7898,0.0273
2mm,XGBoost,acc,0.7524,0.027
2mm,XGBoost,sen,0.6127,0.0319
2mm,XGBoost,spe,0.8396,0.0378
2mm,XGBoost,prec,0.7073,0.0497
2mm,XGBoost,f1,0.6556,0.0322
2mm,XGBoost,auc,0.7971,0.0351
2mm,KNN,acc,0.714,0.0205
2mm,KNN,sen,0.5222,0.0524
2mm,KNN,spe,0.8337,0.0455
2mm,KNN,prec,0.6684,0.0574
2mm,KNN,f1,0.583,0.0302
2mm,KNN,auc,0.7229,0.0326
3mm,SVM,acc,0.753,0.033
3mm,SVM,sen,0.6016,0.0468
3mm,SVM,spe,0.8475,0.0441
3mm,SVM,prec,0.715,0.0598
3mm,SVM,f1,0.6518,0.0424
3mm,SVM,auc,0.784,0.0401
3mm,LR,acc,0.7591,0.0404
3mm,LR,sen,0.6476,0.0486
3mm,LR,spe,0.8287,0.0481
3mm,LR,prec,0.7053,0.062
3mm,LR,f1,0.6742,0.0495
3mm,LR,auc,0.7912,0.0424
3mm,RF,acc,0.7488,0.0189
3mm,RF,sen,0.546,0.0427
3mm,RF,spe,0.8752,0.0259
3mm,RF,prec,0.7339,0.0387
3mm,RF,f1,0.6248,0.0325
3mm,RF,auc,0.7967,0.0268
3mm,XGBoost,acc,0.7463,0.0312
3mm,XGBoost,sen,0.6063,0.0339
3mm,XGBoost,spe,0.8337,0.0489
3mm,XGBoost,prec,0.6997,0.0594
3mm,XGBoost,f1,0.648,0.0333
3mm,XGBoost,auc,0.7952,0.0336
3mm,KNN,acc,0.7232,0.0157
3mm,KNN,sen,0.5175,0.0518
3mm,KNN,spe,0.8515,0.0403
3mm,KNN,prec,0.6906,0.0466
3mm,KNN,f1,0.5884,0.0284
3mm,KNN,auc,0.7293,0.0223
4mm,SVM,acc,0.7598,0.0258
4mm,SVM,sen,0.6016,0.0583
4mm,SVM,spe,0.8584,0.0399
4mm,SVM,prec,0.7299,0.0491
4mm,SVM,f1,0.6571,0.0388
4mm,SVM,auc,0.7829,0.0363
4mm,LR,acc,0.7634,0.0358
4mm,LR,sen,0.6492,0.0533
4mm,LR,spe,0.8347,0.0493
4mm,LR,prec,0.7144,0.0602
4mm,LR,f1,0.6783,0.0443
4mm,LR,auc,0.786,0.0387
4mm,RF,acc,0.7518,0.0236
4mm,RF,sen,0.5524,0.0475
4mm,RF,spe,0.8762,0.0291
4mm,RF,prec,0.7382,0.0506
4mm,RF,f1,0.6304,0.0378
4mm,RF,auc,0.7961,0.0311
4mm,XGBoost,acc,0.753,0.029
4mm,XGBoost,sen,0.6063,0.0486
4mm,XGBoost,spe,0.8446,0.031
4mm,XGBoost,prec,0.7098,0.0454
4mm,XGBoost,f1,0.6532,0.042
4mm,XGBoost,auc,0.7922,0.037
4mm,KNN,acc,0.714,0.0196
4mm,KNN,sen,0.519,0.0497
4mm,KNN,spe,0.8356,0.0326
4mm,KNN,prec,0.6655,0.0378
4mm,KNN,f1,0.5814,0.0347
4mm,KNN,auc,0.735,0.0183
