case_id,energy_file,mask_file,flow_pixels,mask_pixels,total_pixels,density_B,density_A
001,001_cropped_energy.png,001.png,0,9188,63640,0.00000000,0.00000000
003,003_cropped_energy.png,003.png,184,2903,99640,0.06338271,0.00184665
004,004_cropped_energy.png,004.png,0,11429,50635,0.00000000,0.00000000
006,006_cropped_energy.png,006.png,32,3209,68820,0.00997195,0.00046498
008,008_cropped_energy.png,008.png,79656,4403,80400,18.09130139,0.99074627
009,009_cropped_energy.png,009.png,2229,4471,71456,0.49854619,0.03119402
010,010_cropped_energy.png,010.png,77498,6859,77592,11.29873159,0.99878853
014,014_cropped_energy.png,014.png,73140,4760,76140,15.36554622,0.96059890
015,015_cropped_energy.png,015.png,524,26242,60609,0.01996799,0.00864558
016,016_cropped_energy.png,016.png,0,28691,93472,0.00000000,0.00000000
017,017_cropped_energy.png,017.png,535,22089,185925,0.02422020,0.00287750
018,018_cropped_energy.png,018.png,73198,2379,73216,30.76839008,0.99975415
019,019_cropped_energy.png,019.png,297,7737,54180,0.03838697,0.00548173
020,020_cropped_energy.png,020.png,7709,7186,100141,1.07278041,0.07698146
022,022_cropped_energy.png,022.png,108979,5280,136752,20.63996212,0.79690973
023,023_cropped_energy.png,023.png,0,8075,57782,0.00000000,0.00000000
025,025_cropped_energy.png,025.png,149942,12952,152100,11.57674490,0.98581197
026,026_cropped_energy.png,026.png,76611,7711,76636,9.93528725,0.99967378
027,027_cropped_energy.png,027.png,0,2702,65670,0.00000000,0.00000000
028,028_cropped_energy.png,028.png,121,17867,87936,0.00677226,0.00137600
030,030_cropped_energy.png,030.png,0,6283,49283,0.00000000,0.00000000
031,031_cropped_energy.png,031.png,191082,22799,191235,8.38115707,0.99919994
032,032_cropped_energy.png,032.png,122597,12650,122760,9.69146245,0.99867221
033,033_cropped_energy.png,033.png,158352,14313,158360,11.06350870,0.99994948
034,034_cropped_energy.png,034.png,808,15500,62115,0.05212903,0.01300813
035,035_cropped_energy.png,035.png,469,15597,54918,0.03006989,0.00854001
036,036_cropped_energy.png,036.png,228,18786,64216,0.01213670,0.00355052
037,037_cropped_energy.png,037.png,0,3538,58644,0.00000000,0.00000000
038,038_cropped_energy.png,038.png,1418,40834,141680,0.03472596,0.01000847
039,039_cropped_energy.png,039.png,114,2177,84609,0.05236564,0.00134737
040,040_cropped_energy.png,040.png,4,18145,73692,0.00022045,0.00005428
041,041_cropped_energy.png,041.png,76969,3614,76973,21.29745434,0.99994803
042,042_cropped_energy.png,042.png,1160,8304,74480,0.13969171,0.01557465
043,043_cropped_energy.png,043.png,1612,5426,121706,0.29708809,0.01324503
044,044_cropped_energy.png,044.png,135,7594,83025,0.01777719,0.00162602
046,046_cropped_energy.png,046.png,2257,26813,133640,0.08417559,0.01688866
048,048_cropped_energy.png,048.png,1546,17048,71820,0.09068512,0.02152604
049,049_cropped_energy.png,049.png,109871,9081,109969,12.09899791,0.99910884
050,050_cropped_energy.png,050.png,91958,3801,91959,24.19310708,0.99998913
051,051_cropped_energy.png,051.png,20,10640,32696,0.00187970,0.00061170
053,053_cropped_energy.png,053.png,0,8124,68736,0.00000000,0.00000000
054,054_cropped_energy.png,054.png,0,10877,61952,0.00000000,0.00000000
055,055_cropped_energy.png,055.png,182,28581,83592,0.00636787,0.00217724
056,056_cropped_energy.png,056.png,1092,7323,37908,0.14911921,0.02880658
057,057_cropped_energy.png,057.png,127687,17505,127840,7.29431591,0.99880319
058,058_cropped_energy.png,058.png,71892,5863,71905,12.26198192,0.99981921
059,059_cropped_energy.png,059.png,147687,26338,147742,5.60737338,0.99962773
060,060_cropped_energy.png,060.png,532,6652,140012,0.07997595,0.00379967
061,061_cropped_energy.png,061.png,149049,7226,149056,20.62676446,0.99995304
062,062_cropped_energy.png,062.png,224231,65050,224352,3.44705611,0.99946067
063,063_cropped_energy.png,063.png,697,26207,78232,0.02659595,0.00890940
064,064_cropped_energy.png,064.png,112580,5530,112752,20.35804702,0.99847453
067,067_cropped_energy.png,067.png,58,6294,70560,0.00921513,0.00082200
069,069_cropped_energy.png,069.png,142761,18646,143031,7.65638743,0.99811230
070,070_cropped_energy.png,070.png,123968,10516,127136,11.78851274,0.97508180
071,071_cropped_energy.png,071.png,1246,39488,107586,0.03155389,0.01158143
073,073_cropped_energy.png,073.png,429,4174,62708,0.10277911,0.00684123
074,074_cropped_energy.png,074.png,56059,18298,56088,3.06366816,0.99948296
076,076_cropped_energy.png,076.png,1547,12518,107640,0.12358204,0.01437198
077,077_cropped_energy.png,077.png,813,6379,147098,0.12744944,0.00552693
079,079_cropped_energy.png,079.png,150403,45500,150500,3.30556044,0.99935548
081,081_cropped_energy.png,081.png,424,17314,102011,0.02448885,0.00415641
086,086_cropped_energy.png,086.png,75811,7647,75888,9.91382241,0.99898535
088,088_cropped_energy.png,088.png,60128,10338,60528,5.81621203,0.99339149
090,090_cropped_energy.png,090.png,133834,19637,134037,6.81539950,0.99848549
092,092_cropped_energy.png,092.png,222,10518,72657,0.02110667,0.00305545
094,094_cropped_energy.png,094.png,397,2049,75396,0.19375305,0.00526553
098,098_cropped_energy.png,098.png,91482,2253,92484,40.60452730,0.98916569
100,100_cropped_energy.png,100.png,0,23440,63687,0.00000000,0.00000000
101,101_cropped_energy.png,101.png,124901,7883,124956,15.84434860,0.99955985
102,102_cropped_energy.png,102.png,167068,6623,167090,25.22542654,0.99986833
104,104_cropped_energy.png,104.png,0,9363,75624,0.00000000,0.00000000
105,105_cropped_energy.png,105.png,27,8466,47066,0.00318923,0.00057366
106,106_cropped_energy.png,106.png,0,20182,119110,0.00000000,0.00000000
107,107_cropped_energy.png,107.png,665,5597,70209,0.11881365,0.00947172
108,108_cropped_energy.png,108.png,227853,32466,228900,7.01820366,0.99542595
109,109_cropped_energy.png,109.png,66,24726,103074,0.00266926,0.00064032
110,110_cropped_energy.png,110.png,155990,4767,156000,32.72288651,0.99993590
112,112_cropped_energy.png,112.png,51930,9882,52288,5.25500911,0.99315330
116,116_cropped_energy.png,116.png,0,3666,64575,0.00000000,0.00000000
117,117_cropped_energy.png,117.png,161547,5362,168129,30.12812383,0.96085149
118,118_cropped_energy.png,118.png,165525,6096,167254,27.15305118,0.98966243
119,119_cropped_energy.png,119.png,156484,9036,168960,17.31783975,0.92616004
122,122_cropped_energy.png,122.png,0,26066,230388,0.00000000,0.00000000
123,123_cropped_energy.png,123.png,50236,4587,50240,10.95182036,0.99992038
124,124_cropped_energy.png,124.png,774,29067,150552,0.02662813,0.00514108
125,125_cropped_energy.png,125.png,98123,41342,98175,2.37344589,0.99947033
126,126_cropped_energy.png,126.png,448,11932,85608,0.03754609,0.00523316
127,127_cropped_energy.png,127.png,39,21077,82962,0.00185036,0.00047009
129,129_cropped_energy.png,129.png,0,16116,94334,0.00000000,0.00000000
131,131_cropped_energy.png,131.png,974,20988,77526,0.04640747,0.01256353
135,135_cropped_energy.png,135.png,552,8523,52812,0.06476593,0.01045217
136,136_cropped_energy.png,136.png,219565,17214,223054,12.75502498,0.98435805
137,137_cropped_energy.png,137.png,40,7065,69138,0.00566171,0.00057855
139,139_cropped_energy.png,139.png,211161,10712,211344,19.71256535,0.99913411
141,141_cropped_energy.png,141.png,160281,25324,161200,6.32921339,0.99429901
142,142_cropped_energy.png,142.png,110422,52575,110448,2.10027580,0.99976460
143,143_cropped_energy.png,143.png,75882,5703,75999,13.30562862,0.99846051
144,144_cropped_energy.png,144.png,144972,42970,145236,3.37379567,0.99818227
145,145_cropped_energy.png,145.png,2333,31045,76311,0.07514898,0.03057226
151,151_cropped_energy.png,151.png,1374,6333,60800,0.21695879,0.02259868
152,152_cropped_energy.png,152.png,66101,17665,66248,3.74191905,0.99778107
155,155_cropped_energy.png,155.png,230,11059,69576,0.02079754,0.00330574
156,156_cropped_energy.png,156.png,0,17301,76050,0.00000000,0.00000000
157,157_cropped_energy.png,157.png,0,10061,66021,0.00000000,0.00000000
158,158_cropped_energy.png,158.png,93,22700,61152,0.00409692,0.00152080
159,159_cropped_energy.png,159.png,122837,17182,122850,7.14916773,0.99989418
160,160_cropped_energy.png,160.png,173577,98663,175770,1.75929173,0.98752347
161,161_cropped_energy.png,161.png,178321,10179,178352,17.51851852,0.99982619
162,162_cropped_energy.png,162.png,77607,17724,81474,4.37863913,0.95253701
164,164_cropped_energy.png,164.png,0,17553,88480,0.00000000,0.00000000
166,166_cropped_energy.png,166.png,891,31364,111180,0.02840837,0.00801403
167,167_cropped_energy.png,167.png,0,5477,96600,0.00000000,0.00000000
168,168_cropped_energy.png,168.png,98,9376,115168,0.01045222,0.00085093
169,169_cropped_energy.png,169.png,0,10242,73283,0.00000000,0.00000000
170,170_cropped_energy.png,170.png,80129,13996,80135,5.72513575,0.99992513
171,171_cropped_energy.png,171.png,152955,3290,153648,46.49088146,0.99548969
172,172_cropped_energy.png,172.png,5,2419,84376,0.00206697,0.00005926
173,173_cropped_energy.png,173.png,66834,6916,66930,9.66367843,0.99856567
174,174_cropped_energy.png,174.png,0,2926,30770,0.00000000,0.00000000
175,175_cropped_energy.png,175.png,209,13055,88000,0.01600919,0.00237500
176,176_cropped_energy.png,176.png,1226,16545,83421,0.07410094,0.01469654
177,177_cropped_energy.png,177.png,51628,4027,52700,12.82046188,0.97965844
178,178_cropped_energy.png,178.png,0,4523,41400,0.00000000,0.00000000
179,179_cropped_energy.png,179.png,1506,17843,78013,0.08440285,0.01930447
180,180_cropped_energy.png,180.png,189,6803,71680,0.02778186,0.00263672
181,181_cropped_energy.png,181.png,0,4484,68614,0.00000000,0.00000000
183,183_cropped_energy.png,183.png,131287,8818,134050,14.88852347,0.97938829
184,184_cropped_energy.png,184.png,58,23924,105408,0.00242434,0.00055024
186,186_cropped_energy.png,186.png,138702,32594,138816,4.25544579,0.99917877
190,190_cropped_energy.png,190.png,27342,68450,179928,0.39944485,0.15196078
191,191_cropped_energy.png,191.png,3324,6981,79788,0.47614955,0.04166040
193,193_cropped_energy.png,193.png,117093,25556,117094,4.58182032,0.99999146
195,195_cropped_energy.png,195.png,130379,8786,132010,14.83940360,0.98764488
196,196_cropped_energy.png,196.png,76831,3329,76832,23.07930309,0.99998698
198,198_cropped_energy.png,198.png,217,3410,64883,0.06363636,0.00334448
200,200_cropped_energy.png,200.png,145215,21577,176904,6.73008296,0.82086895
201,201_cropped_energy.png,201.png,118,11268,78390,0.01047213,0.00150529
202,202_cropped_energy.png,202.png,63238,4802,63248,13.16909621,0.99984189
204,204_cropped_energy.png,204.png,13,19477,48168,0.00066745,0.00026989
205,205_cropped_energy.png,205.png,0,35761,136968,0.00000000,0.00000000
206,206_cropped_energy.png,206.png,129672,9888,129675,13.11407767,0.99997687
207,207_cropped_energy.png,207.png,20,8665,138532,0.00230814,0.00014437
208,208_cropped_energy.png,208.png,21,12790,72900,0.00164191,0.00028807
209,209_cropped_energy.png,209.png,682,6067,75500,0.11241141,0.00903311
210,210_cropped_energy.png,210.png,142,5808,64400,0.02444904,0.00220497
211,211_cropped_energy.png,211.png,167411,10928,168218,15.31945461,0.99520265
213,213_cropped_energy.png,213.png,579,11133,63973,0.05200755,0.00905069
216,216_cropped_energy.png,216.png,127015,11238,127024,11.30227799,0.99992915
217,217_cropped_energy.png,217.png,0,6325,90684,0.00000000,0.00000000
218,218_cropped_energy.png,218.png,47,6292,50374,0.00746980,0.00093302
219,219_cropped_energy.png,219.png,0,31195,111146,0.00000000,0.00000000
223,223_cropped_energy.png,223.png,40973,2053,40984,19.95762299,0.99973160
224,224_cropped_energy.png,224.png,115668,8661,115770,13.35503983,0.99911894
225,225_cropped_energy.png,225.png,65490,13001,69560,5.03730482,0.94148936
226,226_cropped_energy.png,226.png,187127,7328,187128,25.53588974,0.99999466
227,227_cropped_energy.png,227.png,147,21344,102168,0.00688718,0.00143881
229,229_cropped_energy.png,229.png,0,7426,48697,0.00000000,0.00000000
231,231_cropped_energy.png,231.png,119,13148,88220,0.00905081,0.00134890
232,232_cropped_energy.png,232.png,30,4294,112896,0.00698649,0.00026573
233,233_cropped_energy.png,233.png,478,4710,41736,0.10148620,0.01145294
235,235_cropped_energy.png,235.png,133378,5735,133380,23.25684394,0.99998501
237,237_cropped_energy.png,237.png,1641,12563,63222,0.13062167,0.02595615
238,238_cropped_energy.png,238.png,2711,69533,130548,0.03898868,0.02076631
239,239_cropped_energy.png,239.png,237860,14114,237899,16.85277030,0.99983606
241,241_cropped_energy.png,241.png,423,11868,78496,0.03564206,0.00538881
243,243_cropped_energy.png,243.png,645,6114,64914,0.10549558,0.00993622
244,244_cropped_energy.png,244.png,161695,22489,169312,7.18995954,0.95501205
246,246_cropped_energy.png,246.png,202958,57432,203158,3.53388355,0.99901554
247,247_cropped_energy.png,247.png,241584,34385,241636,7.02585430,0.99978480
250,250_cropped_energy.png,250.png,126,34818,64964,0.00361882,0.00193954
252,252_cropped_energy.png,252.png,80188,8794,80240,9.11848988,0.99935194
254,254_cropped_energy.png,254.png,481,4648,55671,0.10348537,0.00864005
256,256_cropped_energy.png,256.png,297476,71792,297480,4.14358146,0.99998655
257,257_cropped_energy.png,257.png,80719,8148,80812,9.90660285,0.99884918
258,258_cropped_energy.png,258.png,83117,21921,84180,3.79166096,0.98737230
259,259_cropped_energy.png,259.png,97408,12976,97526,7.50678175,0.99879007
262,262_cropped_energy.png,262.png,426,14364,91590,0.02965748,0.00465116
263,263_cropped_energy.png,263.png,171093,58503,173040,2.92451669,0.98874827
264,264_cropped_energy.png,264.png,1429,32097,116875,0.04452129,0.01222674
265,265_cropped_energy.png,265.png,122713,19692,123120,6.23161690,0.99669428
266,266_cropped_energy.png,266.png,88,5201,39338,0.01691982,0.00223702
272,272_cropped_energy.png,272.png,1383,83053,133950,0.01665202,0.01032475
273,273_cropped_energy.png,273.png,94501,5959,97440,15.85853331,0.96983785
276,276_cropped_energy.png,276.png,124838,8158,125664,15.30252513,0.99342692
278,278_cropped_energy.png,278.png,247,11383,74347,0.02169902,0.00332226
279,279_cropped_energy.png,279.png,1008,32646,168732,0.03087668,0.00597397
280,280_cropped_energy.png,280.png,42,16368,75864,0.00256598,0.00055362
281,281_cropped_energy.png,281.png,1985,12886,78000,0.15404315,0.02544872
282,282_cropped_energy.png,282.png,1003,3922,95675,0.25573687,0.01048341
283,283_cropped_energy.png,283.png,191460,23039,191475,8.31025652,0.99992166
284,284_cropped_energy.png,284.png,146995,12101,147000,12.14734319,0.99996599
285,285_cropped_energy.png,285.png,166599,15544,170800,10.71789758,0.97540398
286,286_cropped_energy.png,286.png,0,6619,75284,0.00000000,0.00000000
287,287_cropped_energy.png,287.png,0,6000,87841,0.00000000,0.00000000
288,288_cropped_energy.png,288.png,995,6360,70278,0.15644654,0.01415806
290,290_cropped_energy.png,290.png,441,32633,132210,0.01351393,0.00333560
292,292_cropped_energy.png,292.png,182,5254,75993,0.03464027,0.00239496
294,294_cropped_energy.png,294.png,423,8414,159048,0.05027335,0.00265957
295,295_cropped_energy.png,295.png,125102,19716,125120,6.34520187,0.99985614
297,297_cropped_energy.png,297.png,272112,21527,272640,12.64049798,0.99806338
298,298_cropped_energy.png,298.png,805,8159,124862,0.09866405,0.00644712
300,300_cropped_energy.png,300.png,0,7700,72372,0.00000000,0.00000000
302,302_cropped_energy.png,302.png,106,3653,44517,0.02901725,0.00238111
303,303_cropped_energy.png,303.png,6111,20969,104750,0.29143021,0.05833890
305,305_cropped_energy.png,305.png,157406,35202,157410,4.47150730,0.99997459
306,306_cropped_energy.png,306.png,111460,12249,111557,9.09951833,0.99913049
312,312_cropped_energy.png,312.png,0,7187,50566,0.00000000,0.00000000
313,313_cropped_energy.png,313.png,40,5040,88072,0.00793651,0.00045417
314,314_cropped_energy.png,314.png,162226,20193,171592,8.03377408,0.94541704
315,315_cropped_energy.png,315.png,1874,30409,101491,0.06162649,0.01846469
317,317_cropped_energy.png,317.png,130132,20450,130180,6.36342298,0.99963128
319,319_cropped_energy.png,319.png,335,6264,112266,0.05348020,0.00298398
320,320_cropped_energy.png,320.png,0,6839,117245,0.00000000,0.00000000
321,321_cropped_energy.png,321.png,0,5631,47400,0.00000000,0.00000000
322,322_cropped_energy.png,322.png,538,7163,48994,0.07510819,0.01098094
323,323_cropped_energy.png,323.png,173451,18144,173455,9.55968915,0.99997694
324,324_cropped_energy.png,324.png,184,5378,51740,0.03421346,0.00355624
325,325_cropped_energy.png,325.png,113,10905,102460,0.01036222,0.00110287
326,326_cropped_energy.png,326.png,169895,58179,170146,2.92021176,0.99852480
327,327_cropped_energy.png,327.png,0,8801,63581,0.00000000,0.00000000
328,328_cropped_energy.png,328.png,0,5234,68266,0.00000000,0.00000000
329,329_cropped_energy.png,329.png,165805,8043,165838,20.61482034,0.99980101
330,330_cropped_energy.png,330.png,43,4194,66176,0.01025274,0.00064978
333,333_cropped_energy.png,333.png,180000,14161,180056,12.71096674,0.99968899
334,334_cropped_energy.png,334.png,20435,70711,242274,0.28899323,0.08434665
336,336_cropped_energy.png,336.png,49,2424,61994,0.02021452,0.00079040
337,337_cropped_energy.png,337.png,36,10735,50820,0.00335352,0.00070838
338,338_cropped_energy.png,338.png,783,1613,78624,0.48543087,0.00995879
339,339_cropped_energy.png,339.png,29,14336,95816,0.00202288,0.00030266
340,340_cropped_energy.png,340.png,169569,4442,173910,38.17402071,0.97503881
341,341_cropped_energy.png,341.png,130285,10915,130293,11.93632616,0.99993860
342,342_cropped_energy.png,342.png,248,21613,106176,0.01147458,0.00233574
343,343_cropped_energy.png,343.png,37,30335,82468,0.00121971,0.00044866
344,344_cropped_energy.png,344.png,1457,16763,93150,0.08691762,0.01564144
345,345_cropped_energy.png,345.png,10,1423,46605,0.00702741,0.00021457
347,347_cropped_energy.png,347.png,175,10864,90092,0.01610825,0.00194246
349,349_cropped_energy.png,349.png,200,5883,58800,0.03399626,0.00340136
351,351_cropped_energy.png,351.png,358,2232,76641,0.16039427,0.00467113
352,352_cropped_energy.png,352.png,0,3746,71165,0.00000000,0.00000000
353,353_cropped_energy.png,353.png,148927,22998,148930,6.47565006,0.99997986
354,354_cropped_energy.png,354.png,5351,37210,139403,0.14380543,0.03838511
355,355_cropped_energy.png,355.png,1213,17763,87780,0.06828801,0.01381864
359,359_cropped_energy.png,359.png,16,37195,122695,0.00043017,0.00013040
360,360_cropped_energy.png,360.png,143,3379,76248,0.04232021,0.00187546
361,361_cropped_energy.png,361.png,137966,4731,139633,29.16212217,0.98806156
362,362_cropped_energy.png,362.png,236,5039,57000,0.04683469,0.00414035
363,363_cropped_energy.png,363.png,118754,2166,118755,54.82640813,0.99999158
365,365_cropped_energy.png,365.png,1860,35062,117199,0.05304888,0.01587044
366,366_cropped_energy.png,366.png,6114,30068,185076,0.20333910,0.03303508
367,367_cropped_energy.png,367.png,30,15392,69042,0.00194906,0.00043452
368,368_cropped_energy.png,368.png,0,7708,72712,0.00000000,0.00000000
369,369_cropped_energy.png,369.png,177040,35323,177801,5.01203182,0.99571993
373,373_cropped_energy.png,373.png,420,2552,37760,0.16457680,0.01112288
374,374_cropped_energy.png,374.png,477,7723,67847,0.06176356,0.00703052
377,377_cropped_energy.png,377.png,131881,16246,131970,8.11775206,0.99932560
379,379_cropped_energy.png,379.png,14,3735,48400,0.00374833,0.00028926
382,382_cropped_energy.png,382.png,74578,13686,74705,5.44921818,0.99829998
384,384_cropped_energy.png,384.png,91,3015,62702,0.03018242,0.00145131
387,387_cropped_energy.png,387.png,91259,31458,91371,2.90097908,0.99877423
389,389_cropped_energy.png,389.png,181394,23499,181485,7.71922209,0.99949858
390,390_cropped_energy.png,390.png,44425,10382,44454,4.27904065,0.99934764
392,392_cropped_energy.png,392.png,0,15808,44128,0.00000000,0.00000000
393,393_cropped_energy.png,393.png,0,5497,44576,0.00000000,0.00000000
396,396_cropped_energy.png,396.png,373,24785,75900,0.01504943,0.00491436
397,397_cropped_energy.png,397.png,48302,7306,48501,6.61127840,0.99589699
398,398_cropped_energy.png,398.png,62306,19901,64872,3.13079745,0.96044518
399,399_cropped_energy.png,399.png,650,18440,55822,0.03524946,0.01164415
402,402_cropped_energy.png,402.png,47480,4552,48199,10.43057996,0.98508268
403,403_cropped_energy.png,403.png,113256,11039,117189,10.25962497,0.96643883
404,404_cropped_energy.png,404.png,336750,21947,336980,15.34378275,0.99931747
405,405_cropped_energy.png,405.png,21,2586,74258,0.00812065,0.00028280
409,409_cropped_energy.png,409.png,541,5913,104918,0.09149332,0.00515641
410,410_cropped_energy.png,410.png,48930,13785,49006,3.54951034,0.99844917
411,411_cropped_energy.png,411.png,48380,5842,48384,8.28141048,0.99991733
412,412_cropped_energy.png,412.png,548,11984,152460,0.04572764,0.00359439
415,415_cropped_energy.png,415.png,106499,5316,107168,20.03367193,0.99375746
416,416_cropped_energy.png,416.png,1547,14002,126542,0.11048422,0.01222519
419,419_cropped_energy.png,419.png,31,14029,92862,0.00220971,0.00033383
420,420_cropped_energy.png,420.png,607,9511,100812,0.06382084,0.00602111
421,421_cropped_energy.png,421.png,120251,32186,121176,3.73612751,0.99236648
423,423_cropped_energy.png,423.png,123,8148,94276,0.01509573,0.00130468
424,424_cropped_energy.png,424.png,139,11656,74520,0.01192519,0.00186527
426,426_cropped_energy.png,426.png,0,3404,71810,0.00000000,0.00000000
427,427_cropped_energy.png,427.png,123196,11927,123202,10.32916911,0.99995130
429,429_cropped_energy.png,429.png,72,1782,78008,0.04040404,0.00092298
430,430_cropped_energy.png,430.png,392,4221,42180,0.09286899,0.00929350
431,431_cropped_energy.png,431.png,0,7657,42900,0.00000000,0.00000000
435,435_cropped_energy.png,435.png,162453,12985,166692,12.51082018,0.97456987
438,438_cropped_energy.png,438.png,71,19940,96996,0.00356068,0.00073199
439,439_cropped_energy.png,439.png,0,5084,26565,0.00000000,0.00000000
443,443_cropped_energy.png,443.png,1156,27364,86366,0.04224529,0.01338490
445,445_cropped_energy.png,445.png,2371,25918,101920,0.09148082,0.02326334
451,451_cropped_energy.png,451.png,46016,30164,46029,1.52552712,0.99971757
454,454_cropped_energy.png,454.png,158682,2237,161280,70.93518105,0.98389137
455,455_cropped_energy.png,455.png,162461,14975,162495,10.84881469,0.99979076
457,457_cropped_energy.png,457.png,2024,10737,145393,0.18850703,0.01392089
458,458_cropped_energy.png,458.png,0,2441,42251,0.00000000,0.00000000
460,460_cropped_energy.png,460.png,1962,2368,65340,0.82854730,0.03002755
461,461_cropped_energy.png,461.png,150550,29124,150660,5.16927620,0.99926988
463,463_cropped_energy.png,463.png,0,1627,87560,0.00000000,0.00000000
466,466_cropped_energy.png,466.png,78104,2945,78110,26.52088285,0.99992319
469,469_cropped_energy.png,469.png,104651,5666,104664,18.46999647,0.99987579
470,470_cropped_energy.png,470.png,4178,15592,27010,0.26795793,0.15468345
473,473_cropped_energy.png,473.png,5711,13575,96800,0.42069982,0.05899793
476,476_cropped_energy.png,476.png,161,1022,47376,0.15753425,0.00339835
480,480_cropped_energy.png,480.png,956,21358,157680,0.04476075,0.00606291
483,483_cropped_energy.png,483.png,46675,3942,46683,11.84043633,0.99982863
485,485_cropped_energy.png,485.png,59137,20929,59153,2.82560084,0.99972951
486,486_cropped_energy.png,486.png,712,7144,61468,0.09966405,0.01158326
487,487_cropped_energy.png,487.png,118,16417,66744,0.00718767,0.00176795
488,488_cropped_energy.png,488.png,164797,77025,166696,2.13952613,0.98860800
489,489_cropped_energy.png,489.png,0,23159,98800,0.00000000,0.00000000
492,492_cropped_energy.png,492.png,1854,9551,37011,0.19411580,0.05009322
497,497_cropped_energy.png,497.png,100,6856,78780,0.01458576,0.00126936
501,501_cropped_energy.png,501.png,293959,6042,306977,48.65259848,0.95759291
502,502_cropped_energy.png,502.png,0,6809,50320,0.00000000,0.00000000
503,503_cropped_energy.png,503.png,191583,5575,191590,34.36466368,0.99996346
504,504_cropped_energy.png,504.png,76631,2359,76639,32.48452734,0.99989561
508,508_cropped_energy.png,508.png,67210,6794,67768,9.89255225,0.99176603
509,509_cropped_energy.png,509.png,0,9751,96913,0.00000000,0.00000000
510,510_cropped_energy.png,510.png,398,27964,63404,0.01423258,0.00627721
511,511_cropped_energy.png,511.png,106424,10127,106634,10.50893651,0.99803065
513,513_cropped_energy.png,513.png,2998,1006,101088,2.98011928,0.02965733
514,514_cropped_energy.png,514.png,37551,3736,37638,10.05112420,0.99768851
518,518_cropped_energy.png,518.png,979,5613,60690,0.17441653,0.01613116
522,522_cropped_energy.png,522.png,122416,1495,122553,81.88361204,0.99888212
524,524_cropped_energy.png,524.png,268,45587,142352,0.00587887,0.00188266
526,526_cropped_energy.png,526.png,1852,16551,78385,0.11189656,0.02362697
528,528_cropped_energy.png,528.png,23218,6854,23220,3.38751094,0.99991387
535,535_cropped_energy.png,535.png,76270,5991,76372,12.73076281,0.99866443
536,536_cropped_energy.png,536.png,0,5207,78898,0.00000000,0.00000000
537,537_cropped_energy.png,537.png,107139,10924,107158,9.80767118,0.99982269
538,538_cropped_energy.png,538.png,165707,7518,165984,22.04136738,0.99833116
542,542_cropped_energy.png,542.png,147405,3517,147420,41.91214103,0.99989825
