patient_name,lbp-2D_glrlm_GrayLevelNonUniformity,original_shape2D_Elongation,original_shape2D_Sphericity,wavelet-H_glcm_MaximumProbability,wavelet-H_gldm_DependenceVariance,wavelet-H_glcm_ClusterShade,square_glrlm_LongRunEmphasis,original_firstorder_Skewness,label
502,-0.8125862178608712,-1.20319828053546,-0.8131288290042759,0.10562615482614114,0.9960993887665417,-0.3141689411795138,-0.7009799122164584,-0.49983752322608377,0
110,-0.9004710791917465,0.45934600939234665,0.4732415683696037,0.4186802710548499,0.9127574808777357,0.6514937350682817,-0.5890324043161108,-0.5570039450067573,0
091,1.062290823864469,-0.5082678018586343,-0.08773156578494211,0.15027448464479848,-0.06726015278732173,0.1872831283345346,-0.5160275838668746,-1.8544830281454743,1
131,0.3299169794405081,-1.1428378377785844,-1.4084295258867727,0.5747424760632714,-0.107419460550012,0.13796782473460562,-0.04445341090648586,0.6208424573862403,0
459,-1.2813054782922062,1.1317391130904346,1.4446531447074653,-1.4982505812176523,-0.2365914112688943,0.21077307788768287,-0.5170796885439074,0.3961967885286648,1
314,0.18344221055571588,-0.407359548050251,-0.9888125719041863,1.14103066665752,0.2589169372640535,0.09368296108822459,-0.6972053779333471,-1.3899448853669203,0
259,-0.49034172631432826,-0.9070110746651405,-0.3891836798363568,1.9006442667021155,-0.1746135381220241,0.3041349098325534,0.02748649168361315,0.29973853034711917,0
366,0.41780184077138344,-0.06949457740818692,0.5505374819234059,-0.352019510438682,2.3465037872828014,0.19464267734760676,1.102675027538645,0.2555991624139471,0
498,-0.3731619112064945,0.3991895907199558,0.355607310797033,-1.816596521657713,0.7642840539002759,0.16622876984737844,-0.7106026802098462,-1.5429613663731678,1
448,0.2127371643326743,2.234347188878046,-0.44531259554639163,0.6691126685930318,0.6711341151368819,0.16351565333967824,-0.497029239564564,-0.5103919286549963,1
010,-0.6368164951991205,-0.20875782417991862,-0.4533010489137326,0.6866211099168432,-0.7037462394243,0.1823901974394692,-0.2523218848149588,-0.5783462547645798,0
467,1.4138302691879705,1.006283391554145,0.9458273400353681,-1.447785532460129,-0.03628573927757299,0.18593272489203985,1.3659058207671575,0.07793547551855165,1
271,3.3472972184672276,-0.12058774582554006,-0.06917101671050509,0.4652804859427182,-1.4531933973619027,0.1932861554286817,1.301733755613204,-1.608669567068031,1
275,1.1501756851953444,1.6521460108132109,-0.38876209317645133,-2.2203038998701548,1.01077218687945,-2.108769770908736,-0.6401487251556867,0.03792226009717359,1
523,-0.8711761254147881,-1.5500252924037903,-1.9891351528015462,-1.4550266111423804,0.6751412581365018,0.3992332410487157,-0.6848135858456695,0.060977133004307224,1
471,-0.9004710791917465,-1.407353360681998,-1.2371676987210056,0.13866870559004513,-1.3527900440826726,0.1618727770088499,-0.1202789161539421,0.04813358034980732,1
468,0.8279311936488016,0.3028526207791137,-0.4564594663715155,0.47912653039085684,0.29090596821267173,0.17689333177294847,-0.5544942686859142,-0.6666032551124172,1
071,0.8279311936488016,-0.4310649687997797,-0.4703954275333712,0.23958162601134594,1.182558137322187,-0.20819456793047816,3.4176962435998504,1.9988003115065827,0
432,0.6814564247640094,1.3929614743071568,0.1679643794329838,1.2844445058997382,-0.7537427572088924,0.049570338099429866,-0.3477079421004674,0.1715555565905539,1
447,1.2087655927492613,2.391630210727909,0.30106722340827297,-0.3873050306759724,3.2692736856293543,0.18679714964955837,0.8919003063740382,-0.5511045680746389,1
105,-0.7247013565299958,-0.735189460202375,-0.5576746066219577,1.6142259948057254,0.2028112681743434,0.1313120708481916,-0.2837924886026777,0.4942683142698788,0
238,1.648189899403638,0.2710888649778425,0.8376620030551182,-0.966778763366646,-0.020293542794610986,0.20966968928969099,1.3502332303361613,2.024960052203392,0
539,0.9451110087566353,-0.3877855888711597,-0.4692969538678346,0.19607199499470943,-1.0109447817979451,0.13898263831778798,1.2149184149657275,0.23010706178374438,1
257,-0.5489316338682452,0.1473438741643464,0.2147848916398983,0.08900200411381369,-1.4469348467406524,0.15597849079361722,-0.3904487941045582,-0.39551581582517903,0
473,-0.2852770498756192,-0.004733311864302856,0.3472924150286612,-0.5508802331113664,0.10723624223448723,0.18021274159506692,-0.05861206783847931,-0.10037670241016541,0
004,-0.3438669574295361,-0.9006801630221625,-1.208240697704296,0.2634308410040005,-1.4187930540576292,0.19027774041126547,-0.47461549719924245,-0.4401698104708964,0
395,0.9744059625335938,0.7132216760229688,-0.600008147368173,1.2027796911855861,1.1026278041909336,0.17506808655939038,0.7883363177363722,-0.9387130472846216,1
276,-0.666111448976079,-0.253887085328158,0.11577758436995024,0.13889946184019134,-0.4763270565993042,-0.03967431876228886,-0.4169112047845317,0.034667171388804416,0
017,0.6521614709870509,1.3868773197961142,1.2867272771672698,0.5997669775254287,1.6225334819549613,0.13713922921963143,0.17880429154067193,0.983915661011206,0
493,1.531010084295804,-1.313626983330968,-2.1583171830024472,1.395546590389892,-0.4429134665113073,0.3225034589038414,1.6687282987869483,1.292137844172895,1
102,-0.9297660329687049,-1.2159341806495416,-1.7757879640850436,0.6494099262334069,-1.193433601387027,0.16054395292666856,-0.3418695184865597,0.14315705069096932,0
203,1.7653697145114717,1.785798158425613,1.3239256574700842,-1.7751586658008578,1.2174874532470514,0.1345424563019827,-0.6749582825930166,-0.7604585636120447,1
116,-0.7247013565299958,0.32354848608482767,0.7993225305344065,-0.014149232154972748,-0.7619735964856699,0.13720306743681399,-0.7231807571923627,-1.4483745160365398,0
442,-1.3106004320691647,-0.9421445252078974,-0.4145137552569186,0.3202261100994463,-0.434394853179308,0.17279943858379254,-0.6160004094641017,-0.676111245709723,1
446,-0.6954064027530373,0.5616804383184446,0.13145924587912716,1.6771741665283033,-0.1578362915551236,0.05454172250760288,-0.6530999302760827,-0.9336062052171901,1
457,-0.40245686498345296,0.7987902018153185,-0.7422194130815594,0.8254867767201097,-0.04182889686659255,0.011668727574695899,0.1722489484172751,0.21285030350972914,0
315,0.2127371643326743,-0.145332200147874,0.6692229086166827,0.4346670018530546,-0.33421084745527935,0.1810226904993151,-0.6574879184426192,-1.0026441335326972,0
301,0.2713270718865912,0.8666653161194902,-0.03594882432610058,0.34720639806268383,0.10261394324915625,0.15031146643165746,2.048441877387257,-0.42430552347326383,1
192,1.5603050380727626,-0.5959971551945962,-0.6903059481869558,-1.3315595956312947,0.3105690142750644,0.17295712387748968,0.1482023123772697,-0.3249597686665271,1
515,0.2713270718865912,2.3811718774669846,1.1758030904585683,0.1457783674667905,-1.2387798639583985,0.06721178886444804,-0.06911952255841061,-0.03173115377790228,1
231,-0.8711761254147881,-2.1031339757867267,-2.725308503125784,-0.674417203412162,-1.1715528309786067,0.2008032447098186,-0.7106196505764931,-0.00539041358794707,0
111,-0.3438669574295361,0.869793369380831,-0.7600124617408136,-1.077365419490134,-0.8360628733725172,0.14868921643372132,-0.6973541675790916,-0.7422048699403596,1
109,-0.19739218854474386,-1.1384618887355664,-0.5811334226963528,0.38968173471801737,-0.11916577309576218,0.18732794363250926,1.3219439118750962,1.5536127388778767,0
295,0.03696744167092367,-0.3228670029819473,-0.8632798990859827,0.2984900723773268,-1.1802048778966525,0.12508531995751274,0.008312579556229781,0.3589528341696767,0
371,0.12485230300179899,-1.3516550356841615,-2.1674341057794733,1.4968854369038613,-0.17005995188806533,0.17266202446566897,-0.272585021221574,0.3006525719731294,1
377,-0.3438669574295361,-0.6524730140837086,-0.2708079591646565,1.9183074017876487,-0.12098562918127347,0.7819638131937394,-0.054021058615382256,0.8138102648831684,0
122,0.2713270718865912,-0.08126036218471919,0.3221489344308685,0.3547125819880568,2.172615576632855,0.17152551810808708,-0.2012983959218502,-0.24144539762557612,0
201,-0.46104677253736986,0.18814871019096793,0.8451834390361502,-0.17062639034099747,0.20667820069813414,0.057363421382139006,-0.5400792760036366,-0.08329451464237625,0
495,0.5349816558792172,-0.354877175031025,-0.1313742142432854,-0.7556086310154088,1.2276786081507862,0.2102662997325763,1.9257002604706204,-0.68172495558727,1
541,-0.3438669574295361,-0.26818612417545096,-0.2787912016168024,0.5782947019271066,-1.1207551345126647,0.2890379343821099,-0.5117889904968522,-0.7792005745815466,1
040,-0.2266871423217023,-0.43559632274782534,0.2477091422536811,0.48958908334369555,-0.3320968660024239,0.1734135982274161,-0.19000869105357118,0.019178782774497513,0
425,1.1501756851953444,-0.5699784007156062,-1.1869953048948665,-0.5271983579802942,-0.011566961013644333,0.024247315832150704,-0.4942334901087564,-1.7939582879491027,1
427,-0.666111448976079,-2.3544660863266786,-3.5693500918980345,-0.1826216704393529,-1.4736177457015098,0.1683617243980147,-0.2584813297358243,-0.5085002681046831,0
514,-0.9004710791917465,1.540239873304914,1.5134928874368396,0.3957311466800609,-1.500015492204849,0.16159801977240076,-0.5101898230202341,-1.454813097204941,0
331,0.2127371643326743,1.1208054783883787,0.947157878083362,0.12135971608930034,-0.8559242655705258,0.05279055952041139,-0.16797078685961986,-0.18918862272786266,1
309,1.648189899403638,0.03756696235497759,0.22733220034030088,-0.5169890973690187,-1.3238955641725947,0.1950039741521004,-0.5627895961421018,-0.8965380481178608,1
016,0.24203211810963277,-0.48310144968825647,-0.018800694715527994,1.521628035875183,-0.04998620081560492,0.13250835592089574,1.32472413170028,0.631205186838002,0
530,-1.1641256631843724,-0.4848656439449434,0.5385842050269286,0.7455862924525529,-0.5068006133266548,0.16583688837128638,-0.5888264219782504,-0.37886670186740234,1
411,-0.6368164951991205,0.3815250798992704,0.1409112175211555,0.24715560345877863,-0.7942707648173292,0.06763985665382977,-0.5099452198993092,-0.13888148081428667,0
350,2.497743558935433,1.3890576013198366,1.4416011258322432,0.8605773617799312,-1.3952020114746262,0.16910096740916716,-0.22317307935854958,-0.8804891028965843,1
021,0.8279311936488016,0.541239001787636,0.7386438179014693,0.5997119284811161,-1.1440855304942381,0.1190680785652036,1.6704813241755538,0.07971821781724431,1
185,-0.19739218854474386,1.1988063236905258,1.0285847383212774,-0.07868350445635464,-1.0112661624994819,0.16778559362921064,-0.6348961525470553,-2.029626244694524,1
334,1.911844483396264,0.9648989412931893,0.9864555103127637,-0.3512032341066482,1.749034875637978,0.02464664029397922,2.220434955929449,1.3207258638190642,0
391,-0.5489316338682452,0.014192544765529905,0.7226397301380794,-0.024839499637611104,0.6617751203823726,-0.07588408144808509,-0.5992472659686726,-0.8247028550372646,1
361,-1.076240801853497,-1.0273800244438693,-0.7220096003473245,-0.425462324833346,1.7036141516467704,-1.8482899478345907,-0.691276678298797,-0.5529953910767123,0
123,-1.0176508942995803,-0.2905660065344178,0.39622652702070793,-0.5048231233271259,1.8079594715937284,2.290909193215225,-0.7048234332936444,-0.6224191494692451,0
106,-0.46104677253736986,-1.3799289899996952,-1.066884141454437,-0.08297707702520912,0.0006527507746859716,0.16938873866521817,-0.1585074619109298,1.4145968894580718,0
278,-0.4317518187604114,0.30062787923035983,0.851570553059754,0.08060252451305362,-1.4416785444335483,0.17283892893018474,-0.05323166985348613,0.10682401768899495,0
363,-0.9590609867456633,2.2482839079177848,1.4595921706777046,-0.13453382237530556,0.18038906575099867,0.841379440767818,-0.7030416265800271,-1.1323645566267717,0
112,-0.7247013565299958,-0.6527796606703918,0.0647086495057047,0.33752298505219575,0.296365853560919,-0.10235516086646143,-0.4511397430933329,0.8365621807826285,0
134,0.18344221055571588,2.4693666969769628,0.08647431279564849,0.30274582199165156,-1.2952924209991257,0.1711391290536112,0.04716110368978675,-0.7645094215975077,1
216,-0.46104677253736986,0.33738866374319026,0.6607680558565462,0.17370602594473866,-1.0893761616163025,0.15259185750190318,-0.5191260143355352,-0.15340743813869256,0
082,0.2127371643326743,1.2114788660533378,1.2762413401863533,-0.8666705516366022,-0.935516016922586,0.13703099909946695,0.7129621009456002,2.189449570832611,1
119,-0.666111448976079,-1.425683757807879,-1.4913883128335739,0.2229517001907166,1.1674537666311107,0.41009361621395685,-0.04990231842314904,1.8586261211387214,0
520,-1.0176508942995803,-2.1250541291729537,-2.587599290381539,-2.101153653980312,1.5330887640054784,-3.4194150105204675,-0.7035932197003444,-0.7423188676080132,1
108,0.7693412860948847,0.7603292021156376,0.9471059053924387,1.0447993286624593,-0.7727503721169833,0.09602400443843714,-0.5822268618064131,0.41905878134519325,0
338,-1.4277802471769985,-0.968635041049161,-0.17707157879389776,-0.7583918579599357,0.29047784220852035,0.19005934576050476,-0.7301769615578133,-2.12360987366052,0
325,-0.49034172631432826,0.045118233797463686,0.7006371572203031,0.4303879520231254,-1.1665658969239432,0.16873588841014484,0.3142549804903045,0.8397233543580691,0
100,0.2127371643326743,-0.36829004037886126,0.03145261296328836,0.3998722785601167,-0.3752474138504797,0.19797757149294765,0.6056261824547757,0.36900390807009664,0
527,-1.2227155707382893,-0.7249866058513866,-0.5764915303359789,-1.6178236646714568,1.3066853256483544,-4.276548040044992,-0.571806952476979,0.8808418643266103,1
088,-0.5196366800912867,0.38827912843303636,0.8520683832057514,0.09625402311572114,-0.3873478104437661,0.09662935514098175,-0.18399639216930047,0.8672469346588906,0
483,-0.9004710791917465,0.6144592424679616,0.7834791021769432,-0.017290687581038827,-0.6026056365638418,0.10365159213255085,-0.6229004350079153,-0.7180774985108639,0
157,-0.3731619112064945,0.586723003040568,-0.7296656641995247,-1.935010868366466,1.4904320865095184,-1.1476972441593327,-0.6111927078269898,-0.940563497217125,0
125,0.6814564247640094,-0.7617293975874155,-0.32247234565746064,1.3393257645977679,-1.177364509967409,0.17504882625353346,-0.5119523315201008,-0.6046624975611606,0
406,0.5349816558792172,-0.6298419086399941,-0.8929586092926631,1.3312460169354168,-1.1647741706660095,0.1299275193492568,-0.16575323435067027,-0.2444717220938519,1
043,-0.6954064027530373,0.9854394855309534,0.956615895040613,0.5339350409595364,-0.2233467663326492,0.17866058904735363,-0.7378819552873943,-2.752759828524702,0
472,-0.050917419659951654,-0.8238375020952893,-0.25171420786546245,-1.3097781037860428,-0.34656958352752204,0.20669123449778232,10.278116441886924,-0.5947617282085843,1
476,-1.339895385846123,0.8516363106667826,0.8041444737875507,0.06811075538411349,0.038681940076400384,0.14456167055804336,-0.7296261271234534,-0.9367381028921823,0
001,-0.6368164951991205,-0.0005328419415604626,0.7425532207579492,-1.6386966337837374,0.5196360039436363,0.17632215084115863,-0.4781424113918151,-0.5759811698984858,0
018,-1.1934206169613308,-0.6250313821474158,-0.3415758423296574,0.5992492153048112,-0.26693592252136034,0.0484910358959824,-0.691204899691242,-1.628809179690391,0
405,-1.1641256631843724,-0.30403978101491674,0.3246722926498344,-0.4910464369534578,-0.2685022142000172,0.15944500034091838,-0.6144327783100648,0.09277941594911063,0
032,-0.40245686498345296,0.4344961181045027,1.1749273728494287,1.1904280251994992,1.6898147419896592,-3.133611614072977,-0.16972403399965216,1.2575614549427798,0
099,1.0037009163105521,-0.3181475040703442,-0.19601541235919318,-0.763199942969122,-0.04061136683374477,0.024779799060577194,-0.4405897428021504,0.07045888034090644,1
272,1.9411394371732225,0.4763644834313655,0.7613143698566819,0.5399311831488278,-0.5057272089217518,-0.06241164647601278,1.2406092377857583,0.48491244125591665,0
129,-0.10950732721386854,-0.6114694423180979,-0.12047912938288981,-0.4209621032146109,-0.3811100024568795,0.19279869995912735,-0.5875588548845521,0.541596344555152,0
172,-1.1934206169613308,0.02972626445239528,0.8728354499219577,-0.10290794256457876,-1.3946656687610097,0.16982499028839726,-0.5376422655956655,-0.4542469284365242,0
191,-0.5782265876452036,0.010725993854717123,0.3703916174956051,-2.5740566141072896,0.9695107647183927,0.1497185979567711,-0.6994477552502022,-0.7519882213298282,0
205,1.0037009163105521,1.806464265191924,1.5771281537820703,0.7441352739462774,-0.5438093140235998,0.16664278580141825,0.22352065481488068,0.48963365909518697,0
152,-0.13880228099082698,0.15760638610814948,0.7249943140255217,-0.49566450994542555,0.3754764272577472,0.18480784575319156,-0.6246851854409688,0.8825685004931798,0
217,-0.9297660329687049,-0.7731840005456349,-0.1640710664688598,-0.940347335367035,-0.213869475146225,0.2079634827857763,-0.5366712529477172,0.6366257267231369,0
407,0.2127371643326743,0.04413196442768004,0.22738523103125596,-0.03339167708057101,-1.049580635436398,0.15268803903554604,0.3250076854585184,-0.39426950907716485,1
027,-1.1641256631843724,0.6045440603573004,1.3117873203428325,0.9374746068608019,-0.49204996716456556,0.15340173413213726,-0.6728117482476919,-1.0700321170589406,0
313,-0.6954064027530373,0.8210569337506958,-0.15510924833322134,-0.8855475609704979,1.305455435469362,-0.9818927566602165,-0.6460544808029085,0.6945863664333192,0
224,-0.7247013565299958,-0.8022791521720725,-1.0505234041054201,-0.07692801860049142,-0.9141799124975976,0.1388247113930007,-0.1085267164003548,-0.2564925637637847,0
023,-0.9297660329687049,-1.3405287945134348,-0.9539982184594964,-0.2767400785382539,-0.06518522351745777,0.15002121908045862,-0.43040822460710687,0.20210699311122532,0
085,1.7946646682884302,-1.5954500657821191,-1.7937002490944636,-1.7596898387456918,0.5652870194793674,-0.0026538700981140638,-0.31164832195253933,-0.5372807508716283,1
051,-0.19739218854474386,0.29510915510067126,0.7064647479929669,-0.8974328375351098,0.38958688905290134,0.18029628685298935,-0.3247718430186993,0.9987618867211733,0
070,-0.5489316338682452,0.1549662804753506,0.6801207772446077,0.5590729947090192,-0.21750821283901986,0.12083038433427476,-0.036867803705828185,1.2979991466138905,0
226,-0.6368164951991205,-1.0028555527523912,-0.8320853578954645,-0.5744651361153448,0.6297029344101223,0.20804078489194183,-0.6751365731634899,-1.219448056378618,0
059,0.24203211810963277,0.05709305344871655,0.6806200604716085,0.5900925320982485,-0.7642967168986534,0.11949943023325935,-0.6467708074625653,0.17136007305648288,0
137,-0.666111448976079,-0.033820024429786086,0.603497664431123,0.10376646725530364,-0.47453141519095177,0.15752780058873145,-0.4126062386472717,0.210493830271027,0
002,1.8825495296193056,1.3970443416285854,-1.592927910129985,1.004603896762305,-1.2353880962196992,0.1616327407170599,-0.2761587044543633,0.03108931293057034,1
248,1.648189899403638,-0.6903710313447347,-0.4674121942374266,1.4420338388986667,-1.2152791609915217,0.22183749966706542,1.2867314224195732,0.4206224708567447,1
417,2.4684486051584744,1.5053269144461376,-0.8918541492978626,0.3508253762647216,-0.9734991713862506,0.1056814751688507,1.5690538182281597,0.29027663741607657,1
349,-0.9004710791917465,-0.17000328757900213,0.24574315585978287,1.5092443455528501,-0.19938140447912614,0.14224259296788663,-0.558008171862952,-1.018210124124266,0
546,-0.25598209609866074,0.7482187901885892,1.088443312136605,1.607123336202676,-0.9853144249648981,0.07392907187264991,-0.3257614270340325,-0.5208869862044172,1
414,0.18344221055571588,-0.23860133273655407,0.3547678841638805,-0.47405715261983566,-0.4371132313623626,0.1690569693884902,-0.5568554450576204,-1.2207075761494166,1
508,-0.666111448976079,0.24712663665866988,-0.08552201416325143,1.9784685227851,-0.7565615413730213,0.07524785622184618,-0.5518651532371963,-0.4258827076268146,0
093,2.380563743827599,0.6143732682428851,1.1338663815538554,1.373449645017717,-1.1689524324451848,0.14330906554775183,-0.6280749638858474,-0.1762880077433008,1
097,2.234088974942807,0.013278698358639242,0.6453026449475707,0.45191534549431683,-0.9866634346160783,-0.05064524839180314,-0.4444778023618969,-1.0730280296164851,1
506,0.5349816558792172,-0.18094933985987294,-1.3638866842013144,0.8224102088419505,-0.6539965275038077,0.1184404183818581,-0.3430170327559072,0.35175893105500744,1
461,0.388506886994425,-0.38147822051962527,-0.38128747664400675,-0.11869532180063268,1.5393994756829277,-0.381585553331092,0.17797612610546912,0.5134528462125215,0
120,0.8572261474257601,0.6867248398737228,1.1373179663269088,-2.2341363880681744,1.1235311951839158,0.04355924903970977,-0.7551103208631169,-0.022730567133925947,1
128,-1.2227155707382893,-2.0479174467930106,-2.3660035344764556,-1.5138400481172358,0.4719820527638486,-0.025842905772648094,-0.17178268735619293,0.11552506156770288,1
241,-0.5782265876452036,0.07997726393214977,0.7896865082347577,-0.9893877911473833,-0.7185944444023893,0.19812585630152854,-0.4716569294870256,-0.1898834184275754,0
543,1.6774848531805964,-2.0127885644564913,-2.9239864066858217,0.7099428061833385,-1.0174166862993264,0.17772426067163113,1.8353212691388092,0.5906788961807553,1
256,1.5603050380727626,-0.9309430735417693,-0.4841995059804961,-0.16440755298809848,2.290286553591205,0.18986325608386007,2.858511802697375,1.3430993361750554,0
189,1.8825495296193056,0.13261073032612303,-0.05750227666442953,0.48768151061030934,-1.0534370399591142,0.19265789455926932,1.570877500461871,0.349115852138059,1
101,-0.6954064027530373,0.2435273251185724,0.7763022249432562,0.3055545781634712,-0.9665303846761811,0.17256533600867713,-0.3188738645187511,-0.2055332568381489,0
536,-0.6075215414221621,2.4604254926930222,0.9168319997661741,0.2567007206957269,0.1059133316580246,0.2451829768869034,-0.661183389030869,-1.3532842159754193,0
538,-0.8418811716378296,-0.786133302401302,-0.3874294005316454,2.0768621831159315,-0.7196831524472022,0.13010112356575926,-0.5486081493970638,-1.25195876365675,0
193,0.2127371643326743,0.9953135439487135,1.061082962083229,1.0084686501552809,-0.8951904568080747,0.6423896303519779,0.04450515421693607,1.9674425041845567,0
254,-0.9004710791917465,-0.1000962699226691,0.13105873222967102,-0.6600317045360281,0.05804970406166818,0.1834480218074866,-0.4425867133735785,-0.05259850032487856,0
179,-0.2852770498756192,-0.3456158948407339,0.3213493504409117,-1.311356604839536,0.14803062968613342,-0.2660512168954941,0.1982268538795529,3.21954508190481,0
165,2.644218327820225,1.0269682234813624,0.2977989004757146,-1.7120092346261986,0.2649334877499188,0.21251518882758821,-0.6099337174753519,-0.5808318890526387,1
385,-0.3438669574295361,-0.4393304870191904,-0.6606213729196456,-1.3305907719459336,0.4464738514681665,0.1380938394476817,-0.7027142705430143,-0.46371663382448314,1
477,1.8825495296193056,2.6016388888545623,-1.60161652101644,0.9438199065156013,-0.8641907685543443,0.1396555320762973,-0.026557733844211583,-0.03761767269959121,1
244,-0.10950732721386854,-0.5833599400721547,-0.13400078583562125,1.9986316857455348,-0.9362396387339257,0.15038576454777536,1.148341268197413,0.736820737277279,0
113,-0.7539963103069542,0.5848469744541418,0.43969969053876706,-0.9823501919815946,0.8069860341337756,0.12494252585370513,-0.3755410349580432,-0.4199342649320589,1
466,-1.1641256631843724,-0.3669044730776407,0.3955433504861204,1.3402086901257937,-0.11265510109630192,0.07130157898479186,-0.621886949322164,-0.6578172693197886,0
453,-1.1055357556304555,-0.17680958950797176,0.5747780299486119,-0.47999838561563907,1.9424968096954556,0.052767599115424495,-0.562032609333675,0.2754617767395808,1
148,0.06626239544788211,-0.5460817443267681,-0.17723286733323146,-0.5392780860751217,-0.1385885316648385,0.1896775732446003,-0.18052562034479608,0.01751767468469562,1
345,-1.339895385846123,0.5158671034305283,1.2933013775734492,0.39424443869961134,0.9137777743153321,-0.020439773221096455,-0.7151096435893163,-0.9362701777838696,0
469,-0.8125862178608712,0.23197260557575458,0.9077418864217787,1.1797437676168971,-0.4171857078931091,0.1861099553345514,-0.5763592686675855,0.42894310492494614,0
378,0.03696744167092367,0.4159014413827726,0.21178762107838775,-1.7451163770366853,-0.1274093463771754,0.17900020909256173,-0.1582555186005709,0.6200704157171771,1
318,1.2380605465262198,-2.3364307268583544,-4.377582700323967,-0.11892098194506136,1.9308774009728762,0.17705408243976242,0.37225031225263683,-1.1637814158606674,1
028,-0.4317518187604114,-0.7522365212640603,-0.030749387874468962,0.005720436430029083,-1.3947076149641249,0.20828758957126425,2.3184383786075,-0.9739743448677641,0
133,0.44709679454834184,-0.3564035458548048,0.1813824301002947,-0.8667481114135386,-0.4287449668380001,0.19996674830840425,0.020425816280801076,-0.5939099874979151,1
073,-0.8125862178608712,0.4066971982487765,0.5053305750053168,-1.0442284563375166,-0.1809896293612551,0.16627552933934941,-0.437972808932247,-0.1211202390646241,0
339,-0.4317518187604114,-0.8894552643360923,-0.4566751706656147,0.2984130457513366,-0.7117634352382248,0.18059431591410224,-0.0749827645185155,-0.31089492437882593,0
416,-0.2266871423217023,0.3057678220366654,0.879359767660761,0.4189769719729022,1.1287688484948954,0.18811818396618063,-0.4770136154687038,-0.4259776893905044,0
132,0.41780184077138344,1.6670545721478955,0.14338661179379086,-0.7015790777634437,-0.18368701304467472,0.1824156365282034,-0.2896210602719133,-1.1356864526620638,1
397,-0.7832912640839127,-0.25937326785576215,0.42574107743559214,0.9220987390224419,1.2112086171080487,1.4137012136977625,-0.3933237231707766,-0.3300225603443469,0
421,1.0037009163105521,1.5375059561588436,1.2469611033773191,-0.10930314918148967,-1.5354487283990392,0.1455185248176706,0.35499428164113683,1.6846145215273212,0
437,0.5056867021022587,-0.21914364308775222,-0.4530699071436878,-0.3805078980955556,-0.22741996302505518,-0.9215145910551257,0.2643404737046625,-0.08526576697866513,1
327,-0.4317518187604114,1.248131408142014,1.0635498983961218,0.029956714268934127,-0.3776093700060295,0.09375477295011625,-0.44379320549323276,0.73160867278241,0
035,-0.4317518187604114,-1.6200557312538286,-1.4300070174074242,-0.9184680622716141,0.15687188835556823,1.0751406388492757,0.057911300250628496,1.5438365636726508,0
430,-0.7539963103069542,1.3346492653656636,0.9823575656831224,-2.5861187372416277,1.1408262515840615,0.16384566783649948,-0.6866184665632546,-0.11115845469610186,0
055,0.6228665172100925,0.7304099923811955,0.26376407245578104,-0.30919563167340064,-0.5254404365644875,0.18413613553962668,0.4145692244991685,0.010672740840368086,0
194,-0.3438669574295361,0.12441218384858536,0.8941168079894081,-0.19554706146441328,0.4932515450329771,0.06398294689864895,-0.5593183822822088,0.9103060480856106,1
277,1.7067798069575548,-0.5578749474475376,-1.5797508482295541,0.631055205530793,-1.4825103027314857,0.17683431740956157,0.8491331692973764,0.34091496142545796,1
288,-0.8711761254147881,-0.13075403028519744,0.6410400010464454,-1.349808515866897,-0.38999201247308474,0.17874540147910173,-0.5069922887547597,0.03158982374484645,0
372,1.120880731418386,0.9537017425941771,0.23189162682801714,-0.404851570613263,0.13552737469161266,0.13212216555631026,-0.5113935227937526,-0.6810373161553034,1
225,-0.40245686498345296,-0.5024705860358923,0.25815677885950516,2.0528282357592507,-0.6107422716290765,0.11025764338992007,1.597653828023406,1.7416530934137782,0
181,-1.0469458480765388,-0.5368834336862408,0.024475640476033615,0.13411937559455397,-0.3999335506578974,0.1774617899767811,-0.5266203888143864,-0.7380423138501921,0
096,1.7067798069575548,1.8318859622337569,1.2304862634295302,-1.4863665403577617,-0.5257575109172261,0.13932334961608847,1.3561956231211527,1.884701806757255,1
115,0.8279311936488016,1.9700568111700858,-0.3136620882682913,0.35656238050316236,-1.2512815672271558,0.1624184557398405,-0.041996927947488646,0.6363430286587052,1
041,-1.0469458480765388,-0.4837071165111143,-0.8368194913428061,0.4902901469072551,-1.2501348126976712,0.20970504766369247,-0.5690124093505615,-0.819984502216505,0
168,-0.7247013565299958,-0.9136497233133699,-0.40485806146821884,-0.12840882915244822,-0.4066857404656026,0.18951015090766438,-0.4715878626132198,-0.8869807802048354,0
329,-0.5196366800912867,1.0927058114922572,0.5058859405866576,0.651893068432712,1.5559697821572034,0.16936667674518774,-0.5607947135854467,-0.29404971541008107,0
394,-0.10950732721386854,0.8296759000404238,1.2015800315308984,-0.6823431077248698,0.5967066606598054,0.15741742141626233,-0.38956222737705765,-0.32776827270472075,1
262,-0.46104677253736986,-0.6039153387737549,0.1836497119278486,-0.32767578976368117,-0.4471831896344338,0.19937373778967654,-0.4359771032665728,-0.5780089933370299,0
074,0.2127371643326743,-0.7430661128096697,-0.2480294213460724,-0.09000722585314173,-0.2505117721288588,0.016784211630190334,0.0336365405648563,1.0635558541251973,0
360,-0.9883559405226218,-0.07107811049333315,0.4558740390069117,0.24236854506317318,0.6908249529647339,0.14333375808763357,-0.615868296799731,-0.07240143425328356,0
034,-0.13880228099082698,-0.5478929316102408,-0.09998999724311924,-0.7433818964090332,0.8647024706291631,0.14766027294755157,-0.6776358001953725,0.42403295292010423,0
026,-0.7247013565299958,-0.013319112718289363,0.549787922142387,0.10459730063786252,-1.0002657081336908,0.13767418124985611,-0.35788116052269187,1.0388210662177004,0
220,1.1501756851953444,0.6726989923522765,0.39910030955395925,0.11034961740124626,-0.7265053309124204,0.08615125571752859,0.09504160679455584,-0.28062518160741573,1
094,-1.1641256631843724,0.9217588712172711,1.0216090032702692,2.2731495453703663,1.005081488529395,0.0004596800587804734,-0.6042725771901651,-0.9021690051422249,0
351,-0.9297660329687049,1.7537331350977268,1.5356214580581717,1.578610233029571,-0.8488506713379986,0.10061234691767316,-0.701342871096769,-1.2544430196664482,0
409,-0.8125862178608712,0.3560304809147374,0.9028265967158692,-0.4359919658810313,-0.503827873557966,0.13552855430781283,-0.5970456955164296,-0.5028740373025286,0
390,-0.25598209609866074,0.4810845197400248,0.6631141599228236,0.36226333805565686,-0.07886853204646423,0.37545372284400635,-0.5545815552934873,0.16683178011593974,0
080,0.7107513785409678,0.6439680887877195,-0.588991842866554,-1.8323124456118915,0.7476357266149762,0.11961359487978283,-0.44363939984859707,-0.46465074229217196,1
139,-0.40245686498345296,-0.37351087896831786,-0.9136180689915177,-1.4521097556316604,2.789943662725943,-3.111101202133735,-0.6642627391105277,0.4146358580390429,0
265,0.09555734922484055,-0.17415446201840698,-0.6277047549705432,0.7278740430222245,-1.1267424211579458,0.10096078012800376,-0.33879497320957036,0.040168992431792006,0
285,-0.16809723476778543,-1.6891762689905365,-1.701727987861879,-0.4490014128125294,2.066290018765403,0.17897598470445514,0.14357912507440723,0.16329651097209463,0
367,-0.3438669574295361,-0.060615007048047634,0.6843226638212332,-0.4392315458093239,-0.8566900798295126,0.1307594153957853,-0.3760700625609246,-1.455495150606225,0
033,-0.46104677253736986,-0.40724010720263,0.347056653401802,2.396161482968429,0.2607138546911741,0.13168299139771972,-0.2037633283460612,0.6002309864288371,0
491,-0.0802123734369101,-0.24573034035514635,-1.2505435069018036,0.47271195287286805,-0.6702711533578207,0.04418799934318121,-0.6466995519665598,-0.5960278600853779,1
380,-0.5782265876452036,-0.1881577596806708,0.6275997686539914,1.7104089262474254,-1.039081191694706,0.18826301672824836,-0.5516845025733885,-1.0000473744827139,1
500,1.2966504540801367,0.9839335308946081,0.29931143153596057,0.5377736742669197,0.8508918212352498,0.1848529048558166,-0.02170863336286545,-1.205341917907884,1
009,-1.076240801853497,-0.666119198933639,-0.16727787523378662,0.26031025979531625,0.8067668744945617,0.25829271118633756,-0.17421504792327774,-1.5602601253835828,0
171,-1.1641256631843724,-0.362815926357256,0.4131362778743335,0.6149022053267522,-0.1102150683610971,0.21091085361342626,-0.5178061976284514,0.06177639718374366,0
058,-1.1641256631843724,-2.1069607399972927,-2.3246132279147083,-0.014982665484822673,-0.8176051072936823,0.12959213246945342,-0.36299560361616795,0.10637377183631244,0
488,0.8865211012027184,-1.66377313679918,-1.5274697140995237,0.18360350269163944,-1.6430059635467478,0.1648423666294891,1.8425764710386383,0.5655462140983922,0
489,-0.19739218854474386,-1.059995744240532,-0.7585116886606744,-0.7660412465672067,-0.09224387505545788,0.19732801934681107,-0.11487763395708954,-0.5107239911917194,0
025,-0.666111448976079,-0.9251119680603918,-0.3007935895562361,0.9090543355047377,-1.016643157848212,0.2237161685635286,-0.4051314991374045,-0.48028324656774596,0
061,-0.7247013565299958,-0.42294623924577757,0.29548817529113025,1.8867380786900316,-0.9732127267937088,0.10966870308515644,-0.2203792581285125,0.3095273212140835,0
303,0.007672487893965227,0.5410441453457742,1.1882474897413176,-0.8971390833868386,1.0528495967570777,0.1936281290230181,0.7941037872216257,1.5037930178177759,0
251,3.2008224495824353,1.7849304616777861,1.3775335440461756,-0.302793064879095,-0.9020772857057181,0.16073603064831135,1.16888424798461,0.5960001401639334,1
006,-1.1641256631843724,-0.18919972005150099,0.6410242272728089,-1.0913575760582859,0.268352808487609,0.15749902438321828,-0.688266346847796,0.19675997370624818,0
402,-1.0176508942995803,-0.544956177108861,0.07157530491728241,0.7742892192128211,1.5786988976478245,1.1278698767844455,-0.5337203612902192,-0.5094977772346396,0
013,2.702808235374142,0.5454861978393614,-1.1395778922363797,-0.9652005859852151,0.033950988761668896,0.17969123771222273,1.4335810528126136,0.9498200135464945,1
079,1.0037009163105521,-0.14783268523033893,0.3025333621224155,1.668054958554481,-0.14931683498028311,0.14306451541010715,-0.29517519205434933,2.2285180005942777,0
290,0.5056867021022587,0.43052600273014535,0.5622764933469139,0.3023835271001131,0.9228720747039535,0.19437028609662269,-0.1649882615850667,-2.119718060427217,0
516,-0.7247013565299958,-0.8996180030516873,-1.2589218750790958,-0.5978489948697684,-0.005222343516974752,0.05986666663632858,-0.6038825575557473,-0.8136905291188234,1
164,0.007672487893965227,0.4152088380006698,0.8531451469550524,0.048198695482207274,-0.7429070409710257,0.17249060854633375,-0.11607148695114382,0.5213710193231109,0
095,0.5935715634331341,0.3077549089233942,0.8700275165096416,-0.3583223437906377,0.25602949525364704,0.1806894558212087,0.27633440429184686,-0.4129162506766755,1
458,-1.3106004320691647,-0.8027244973672839,-0.0011144887652202898,1.3485540076407405,-0.5724393788559556,0.1496069111967798,-0.6460758044930355,-0.8453120903085825,0
039,-1.2227155707382893,0.5720979919382871,1.012220697554501,-0.6887779081911922,0.9110749898202918,0.18759879195424972,-0.576362479724579,-1.6381658864604942,0
344,-0.2266871423217023,0.211500841614557,0.8750993269174048,0.06217408139671598,-0.7097973693978415,0.15274495548129643,0.1868720562687445,1.766971503391858,0
317,-0.0802123734369101,-0.2591049165258392,0.008449014103511648,0.14006451356387808,1.701872626394611,0.17352664668872628,0.15675672538412747,-0.5019996042360572,0
036,0.18344221055571588,1.8310146794131597,1.4448486509880119,0.40307515805931526,-0.630738881943948,0.14845554873797892,0.38909045621954175,1.0626470644698842,0
014,-0.9883559405226218,0.1923649289985064,0.915723540720277,0.1607538808650238,-1.3353989333281127,0.14244586114577248,-0.22610407420935502,0.33510657813016936,0
266,-0.9590609867456633,-0.7153222735821053,-0.37332477375380846,-0.034737667766594905,-1.3752854605734355,0.18737566514407625,0.03393680419505011,0.6504302940344723,0
063,0.2713270718865912,-0.7067416779744825,-0.3026796320638051,-0.4740821783461696,0.15736329731242024,0.21683477703786952,2.20394264612133,1.1394604691354209,0
161,-0.6954064027530373,-1.085516407592601,-1.0203682767885505,-0.24940100297016626,2.2044934654278934,0.1754787494360823,-0.34579938224403184,0.6808393728278667,0
049,-0.46104677253736986,0.4955119869436752,0.840521185528694,1.0479367450732269,-1.0268345682682716,0.17850826017073826,-0.5965508606087983,-1.1196292978808304,0
229,-0.6075215414221621,0.9298776829832527,0.7314956170885255,-0.9822749106390013,-0.07341429957642127,0.21621976084828246,-0.31681648628613757,-1.230174955188779,0
505,-0.8418811716378296,2.0822849192949047,1.5514312522015683,0.19957413764467727,-1.3468143156985029,0.19620735652264631,-0.6741889509753536,-1.1542454633090384,1
173,-0.8418811716378296,-0.3748324654215043,0.296346367204225,-0.032604042732286204,-0.9144715385749415,0.1832250313553143,-0.5489888536570123,0.19254921421276258,0
234,1.7946646682884302,1.6153920566679425,0.6156313556227563,-0.7689580646016116,0.9091630247679382,0.19577474903960107,0.04334994602032945,0.33488744582824964,1
169,-0.46104677253736986,-0.6678538749679813,-0.5208906254127621,-1.1951084678919464,0.9206944208381489,0.2039737702887678,-0.4097538629124593,-0.459338135556409,0
478,0.9451110087566353,-1.2371779220579047,-0.9850206207611518,-1.787966059727677,-0.01163679506814141,0.20143800538602932,-0.6499395166570898,-0.2848444918236911,1
302,-0.9883559405226218,-0.17911911715139808,-0.3003871580264148,-1.109623858086319,1.5045340377213772,0.04496787657798456,-0.6951312728020376,-0.3020174719813847,0
258,0.15414725677875743,0.6565127091853759,1.2185990750812379,0.5917826816673152,-1.5297629682756857,0.14114899366771866,0.6163473958372094,1.714770214615616,0
146,0.24203211810963277,-0.6413265116392328,-0.0455027686393279,-0.04963226875564855,0.452567915643786,-3.1447705297712916,-0.3108443166276875,-0.8732615126031842,1
341,-0.10950732721386854,0.047731832281541514,-0.1522362051562534,0.22141962278888272,-0.668560642473143,0.1437247121224505,-0.27288050355840004,1.314584026069756,0
209,-0.6368164951991205,1.260352649680523,1.3419886589808379,0.17368116149737411,-1.2267111288689116,0.17114376739879203,-0.447259296007263,-1.1653718957932437,0
287,-0.8711761254147881,-0.45263611343431004,0.10964893364326447,0.18918416242063227,-0.3211633259428038,0.1590457139271329,-0.4514980343429249,-0.6492397889576685,0
269,-0.16809723476778543,-0.0280211321089738,0.36506193765459166,-1.342958522606134,0.3779572360768634,0.19610983547176333,-0.6281687067968867,-0.9787700609325811,1
307,3.1422325420285184,2.580844645950836,0.5235293003697468,1.2426998514161565,-0.8779239511919704,0.2025060135219126,1.1445656834957256,0.5238374491529418,1
365,0.8572261474257601,0.0986362779375863,0.41836161793623605,0.2742440886959552,0.10675739482175664,-0.07376260243316993,-0.20972990035912953,0.29184376324509337,0
438,-0.49034172631432826,-1.3962377031723288,-1.1688935399250073,-1.1305821159147578,-0.7190567744469277,0.20113903480707138,0.42950688937048115,0.7164039501732571,0
253,-0.050917419659951654,0.4868365702494654,0.38573100241518393,0.44973111470562366,-1.3516718562358208,0.1707647695532988,0.756949649189352,0.004360458256623712,1
479,-0.050917419659951654,-0.7664864692690265,-0.34556481336808686,-1.5665033917856301,-0.015067514837822009,0.17821561810748374,-0.5775301348336243,0.30254005144872975,1
206,-0.49034172631432826,0.7935507948090402,1.2957163805695397,0.4361880863723617,-0.8639638831716466,0.14078062867993013,-0.5561854682020052,-0.06414812912821163,0
255,1.7360747607345133,0.5066512986513939,0.3576914961733279,-0.8493993765049535,3.596258601025239,0.18975757173731006,2.8236580563816642,0.10468721862161808,1
098,-1.076240801853497,-0.15443150413004428,-0.4067894556821054,0.8534721862419515,-0.13259907627711634,0.16034185758917163,-0.7224334112273718,-1.8356471512303278,0
423,-0.5489316338682452,0.15618960302843563,0.43355136053679755,0.8861115275758927,-0.11216107187416532,0.1454291788200198,-0.6510782746371395,-0.7041052342749985,0
337,-0.31457200365257765,-1.7123738826626729,-2.6506320005957185,-2.0891087598657023,1.631486192239417,0.019580543235570274,-0.7128714246707426,-0.035384854931559184,0
246,1.062290823864469,-1.7241264782351235,-3.2164964944383225,0.451841308255731,2.0721552087791024,0.1754520540058929,0.910681433482592,-0.40326809712290174,0
281,-0.0802123734369101,1.6468129548133712,1.2791633159411144,-0.6350611915544131,-0.03916471717665815,0.20951311719831103,0.32756301123491677,0.29160226438859604,0
528,-0.8418811716378296,-0.6732917947544838,-0.5053129947287951,1.5714254633469602,-0.4204017301376836,0.05392334663944105,-0.326111367390536,-0.13349584632336417,0
293,2.17549906738889,0.09988740364443696,0.027715228861771662,-0.6144348495077376,0.656331502922381,0.17533765495467077,-0.36546638615709864,0.3717723975677423,1
465,0.7400463323179263,1.273835968061202,0.6289192149384476,0.7880663049377414,0.21826763043154948,0.1939982954903991,-0.0958206723066291,-1.2972956124434993,1
286,-0.8125862178608712,0.46247556789265515,1.2519397360033178,1.3176652391335226,0.02363573866227497,0.11913425753655006,-0.08564040899117914,0.29315054927579226,0
118,-0.6954064027530373,-1.1897487452995068,-2.0258604778866394,1.3909370226773583,-0.4027281138091777,0.10501105081495034,-0.4343740279541292,-0.19684588221322724,0
162,0.18344221055571588,2.1283330824792346,1.6862350957635623,1.5528062337052106,-0.5671134018554211,0.07381832803318408,-0.2561922407544889,0.11837182527530064,0
431,-0.7832912640839127,-0.4441582739242455,0.20666195498735976,-1.8413955906296098,0.4329539597275522,0.22460931317177205,-0.5652579550549701,0.3984364105324387,0
210,-0.9004710791917465,-0.8776121778971576,-1.0632952949537475,-0.8187491227267926,0.6003695069759293,0.187752962388246,-0.3477554681710702,-0.22979045134574627,0
136,-0.050917419659951654,0.05556449988907108,0.7694872775405651,1.420495061528411,-0.5621387322420416,0.07399768196704574,-0.23936688300421513,0.7556721154736336,0
223,-1.2227155707382893,0.6192709088085113,1.1793084757345564,-0.10268770376602704,-0.9902208473558214,0.15012837374865357,-0.6501160306797348,-0.916604325371587,0
534,-0.4317518187604114,1.8096819395495376,0.8133305796618377,1.610527519902143,0.4036703810496699,-0.004614389887293548,-0.6904274728449175,-1.0119165920761264,1
357,0.007672487893965227,0.2631503470302449,0.9172111696567374,-1.9748506591016823,1.381670428347406,-1.2990856828854724,-0.5539260637172165,0.2996570561154291,1
382,-0.19739218854474386,0.9689301617086441,1.429135737480929,0.4522192889387125,-1.0194589296950276,0.12161916427240484,-0.42577777529028343,0.09361237842294322,0
419,-0.4317518187604114,-0.6073371198029552,0.1993114726743194,0.2081807441153944,-0.2752208414755485,0.19551958780627562,-0.6650909497245773,-1.280778675145625,0
228,0.6228665172100925,-0.232471434418119,0.4148190496725791,1.5682766532629504,-1.0163738786916923,0.12453577582817228,0.14722429452662708,0.9150512596789274,1
412,-0.6075215414221621,-0.8799943312088204,-0.3305978231806667,0.0035197254144310785,-1.1990387189430667,0.17611174248979028,-0.21003448881616688,0.4412362632800559,0
156,-0.19739218854474386,-0.7613920234514909,-0.29228457908955296,-0.7015382088914967,0.4133985672962246,0.1496308195075746,-0.166896441268475,0.7811283382703298,0
511,-0.3731619112064945,0.21867315958505967,0.1177957593348375,0.017246498490345687,-0.6970490687035118,0.07281935389599219,-0.08748633906840327,0.26299707391525756,0
107,-0.8711761254147881,-0.07787198035342432,0.6358736023881825,-0.04713007293135847,-1.4517834080380707,0.18147732479494733,-0.43225897211370296,-0.19355785713248969,0
068,1.2087655927492613,1.7211433397522502,-0.5976644830621539,1.0317984506692253,-0.30467135471626555,0.3186190797755936,0.7264039679325472,0.015034507898444323,1
512,-0.0802123734369101,-1.675445082485298,-1.6081636057236413,-0.19445566038859968,-0.31960805215603855,0.16304617848892233,-0.727899687258531,-2.1299384684471487,1
174,-1.1641256631843724,-0.24245633452540166,0.5825768229752879,-1.3810741548023588,0.17397472405548586,0.21415867113898623,-0.49832777101028003,-1.883639951541777,0
504,-1.2813054782922062,-1.0179961043128967,-0.7808735144854344,0.7951308729576027,-1.1383971847697956,0.16426610689745957,-0.5402750498629821,0.6230252805599212,0
011,-0.7832912640839127,-1.7602018158031378,-1.9346288477590114,1.1086020391179843,0.24189385995030385,-0.5908859929152029,-0.41732524971959645,-0.8338917168441325,1
221,-0.5782265876452036,0.804980494464822,1.3063930511066517,0.06622026584052075,0.8133246000833867,0.2122141102488581,-0.4849868959092704,-0.4746156309791155,1
388,0.18344221055571588,-0.12228381063349086,-0.24774022713484928,-1.1105755346718098,0.4122369580367515,0.1462619048250865,-0.25341642048244367,-0.4263430907162954,1
439,-0.8125862178608712,1.1197088056070899,1.4468690487757683,-1.2901803850378637,-1.007987506250836,0.1999695440456926,-0.6612225215353743,-0.39765016210544446,0
434,0.03696744167092367,-0.6299439348317668,-0.6067778425617306,2.2573184498343792,-0.9547382155777249,0.14134169451680242,-0.10455164570921198,0.5065686115225675,1
542,-0.666111448976079,1.3802105196694394,0.9276652486844383,0.5164138026280387,2.4258446149583905,0.7676770762125003,-0.636305292997419,-1.177786671493801,0
310,-0.49034172631432826,0.1506956332101856,0.746844124681831,0.7094101931048177,-0.4256919628513796,0.18120303805839344,-0.6686012535929464,-1.840151640029238,1
487,-0.25598209609866074,-0.3851360779576554,0.38818937569270967,-0.8341965097558149,0.619446049658745,0.2054212610282216,0.6382307412098709,2.3725716600346143,0
048,0.06626239544788211,0.9694606229962279,1.2673257314913071,0.49281962905940435,-0.0697585275269559,0.10895614616483615,-0.6180511252569997,-0.24643807215759095,0
204,0.18344221055571588,-0.7925223920040053,-1.0659226292380983,-0.1379873401826783,-1.1177929384140286,0.17494637722047277,-0.22750788208480963,-0.06512152075956947,0
373,-1.134830709407414,0.2658174906491685,0.7265148913348175,-2.117655098819108,1.4489242281110717,-0.385203277492004,-0.6977217029141861,-1.152012436336727,0
510,0.5935715634331341,0.9592898321666428,1.2706490936697326,0.079002037514008,0.6544147205029611,0.2660252280505109,1.268685521435196,0.47150600015896077,0
077,-0.9004710791917465,-1.003526068326434,-1.2827708020671607,0.0008669628814656674,0.2696648790897706,0.17218602670943112,0.27912341315076367,-0.0881153360422798,0
166,0.5056867021022587,0.12521605633782884,0.2923234341131592,1.239054901238379,-0.08464762694386158,0.1469714109141713,0.2598564372168219,-0.11910634020680025,0
460,-1.134830709407414,0.7565677629757449,1.0062192015780271,-0.8629130067062242,0.34781868827540413,0.1994068044999497,-0.2717109218501327,-1.0243355071132152,0
443,0.388506886994425,0.4878090593600818,1.1106606175117868,-0.4295808185935867,-0.9063163927730464,0.18332229136222877,1.612193742383554,2.1113079442186637,0
392,-0.16809723476778543,0.22562925343330123,0.7233244767568918,-1.0882045333533696,0.33449774709649355,-0.26647228163931425,-0.5339935306399783,-1.1315268585107454,0
242,2.0876142060580145,1.01225980265923,0.8459858347906763,-1.6705651700498707,3.726030174221509,0.20503649242188174,3.4659358969204157,-0.48227180641949535,1
218,-0.9004710791917465,-0.8898766376965697,-0.37993074739462684,-0.5037845442607929,-0.9424099281421261,0.17380824640754874,-0.3241101404749703,0.2596990987785672,0
398,0.09555734922484055,0.1839267561981475,0.7607320763666261,1.061236523284028,0.13637814055000705,0.2656562879630122,-0.3109690883160615,1.8805046180068536,0
545,1.2087655927492613,0.7138787302099874,1.0145389301376806,0.7887949862165332,0.9959945531079333,0.17036726187682044,2.0069846963144116,2.3719617293435045,1
050,-0.6954064027530373,2.171896391121074,1.438682808349437,0.6561687608607824,0.14478415617466747,0.7783481143195766,-0.6710822284088778,-0.21805780897924326,0
084,-0.6368164951991205,-2.13903472081653,-2.76809196859044,0.832460557414124,1.8689460245302658,0.1799010938855837,4.441337631578309,0.6364655742416117,1
294,-0.5196366800912867,0.22675028263171065,0.6784508469765714,1.0796573937785405,-1.0991093943679038,0.1517159432433753,-0.22921428409249509,-0.12117950618224844,0
245,0.9158160549796769,-0.9023630800942032,-0.7318604215595492,0.22803036404684843,-0.6567920374518332,0.21076419770768803,0.4000684211932296,-0.932265982504869,1
211,-0.3731619112064945,0.04486854662702573,0.5751552647364985,0.9029054143414555,-1.0025227703577464,0.15749676821475683,-0.26173121651877684,0.22280839238800795,0
356,1.6774848531805964,-0.5065918397371396,0.30869960199945007,-0.09067241924136954,-1.1396913832611208,0.2615496662383468,0.8502374466699664,0.15493658310277417,1
213,-0.5782265876452036,-0.46439878448360705,0.30566566539225287,-1.1181368790553625,0.22878114360548332,0.2165705873050915,-0.3422003435886052,0.5303293930398256,0
083,0.12485230300179899,-1.734444420715894,-1.8038731861173587,-0.38434990606799246,-1.099297496732544,0.18528105382492316,1.7144196310228539,1.7948989257928498,1
513,-1.2520105245152477,2.384695622135292,1.4978047092609903,0.906919201338994,1.0116764360459163,-0.017913903853340428,-0.7402890915243628,-0.9380594657034108,0
178,-1.076240801853497,-0.7732539788853138,-0.48716872643709247,0.22725828592224548,0.6034937866986344,0.1942748474674739,-0.5662542123886167,-0.9207579037555577,0
268,-0.6368164951991205,0.9341246848200546,1.1385480509202406,0.4174764819477034,-1.176123102862432,0.1433174565816027,-0.41648438377904645,1.3991635038933319,1
142,1.5017151305188459,1.3636677371157608,1.2119337760858546,-0.8180365961294764,1.3236498762291342,-0.09808888839551763,-0.5830108510645403,-0.25035530823501767,0
208,-0.49034172631432826,-0.02745313353505713,0.8333232427952553,0.20803332887641024,-1.5625643501572712,0.16918931428785947,0.3155082972421976,0.48093433493742166,0
352,-0.9004710791917465,1.1496465248025638,0.8430602016279996,-0.35268351497617195,-0.24130103674612147,0.1955417564015399,-0.7012669693534013,-1.1668979367936112,0
499,0.388506886994425,-1.7053726554545718,-2.8584109004368408,-0.557154345926012,-0.7733466376696487,0.18667808856139448,-0.515676014578698,0.21632894385644685,1
143,-0.9883559405226218,-0.42014619671785164,0.3599167103490969,-0.6409505523277067,1.038031450753379,0.18589428451705153,-0.7108245853748375,-0.08950042976769099,0
364,0.9451110087566353,1.777126653245307,-0.6839704756372047,-1.9019125043461518,0.7428622291454111,-2.117124620649704,-0.6256595774987179,-1.2534107010733997,1
451,0.5935715634331341,-0.9636467984084595,-1.5932846480889642,2.167062031803056,3.102791533470054,0.2794399055182563,-0.19493730579010277,0.1362859723004462,0
212,1.5603050380727626,1.2556505521551553,0.3519196196089802,0.030155542239640024,2.0859955007317854,0.18818357912298417,2.2608940792412917,-0.854726447627857,1
177,-1.0469458480765388,-0.42848199885203725,0.29859801210792786,0.0357075393737543,-1.3917717568490733,0.13995635155327843,-0.43460148747990823,0.09845412015719641,0
273,-0.9004710791917465,-0.01731512274602594,0.76900616705285,1.296328896003258,1.1022769043028735,0.10316110911930253,0.013284747228248734,0.12461947092403305,0
300,-0.9004710791917465,-0.538868893530917,0.36224137314109245,0.5460531964515571,-0.828476615092475,0.1617481961443375,-0.4327554893373007,-0.1374736638338543,0
362,-0.49034172631432826,1.1934258040949501,1.3954425633254715,2.6245949904740766,2.7707536854881574,0.07291281114245764,-0.594752128064018,-0.8592625843923799,0
052,1.443125222964929,2.223318961658828,1.2232912307640522,-1.0482697236979768,-0.7479053755397065,0.180927586599189,2.5675161289301895,0.5037558778369675,1
005,-0.0802123734369101,-0.7198953984471537,-0.12568152834411594,-1.3218749486789863,0.760131135476894,0.1733538209129261,-0.6891240230752447,-0.3775663577271575,1
214,1.443125222964929,0.6645420308828042,0.499734869583543,-1.0412003732219073,-0.47684880230410204,0.1661622383194679,-0.5370691105058015,-0.8454859561236802,1
236,-0.2266871423217023,-1.23123878869862,-1.767422018574882,0.28040603433660594,-0.6251605329112101,0.6270327206555094,-0.11827510188486713,0.11504385674882713,1
370,-0.6954064027530373,1.1318557399770586,1.0454865618028195,-1.4715839716610264,-0.6354032146873156,0.17484189563965902,-0.6811448282859641,-0.9611052554492492,1
509,-0.25598209609866074,1.7222510042544326,1.1788706802911089,1.3639623610232254,-0.29810797609012846,0.1517613495458599,-0.3530814589939244,-0.8277058710251978,0
180,-1.0176508942995803,-1.2614329086326412,-1.0736011118547488,-0.49542201653735296,-1.271426464547192,0.19729440081755414,-0.41923725965140357,0.5733887906391115,0
024,2.2633839287197652,0.769050093644155,0.36323148058847915,-1.072793959586657,-0.12904602520846073,0.19249727143075884,-0.2939649627520954,-0.3202618326518182,1
330,-1.1055357556304555,-1.3703233187895119,-1.048541579397963,0.5677762979733246,0.3843794134051572,-0.04378169980884778,-0.710962138124663,-0.07516188809030226,0
428,-0.6368164951991205,2.3238955569303323,0.9648084745941153,-0.5674553375849011,-0.1936966856287038,0.19612521530250984,-0.6673560348624329,-1.5189790933191907,1
326,1.4724201767418874,0.44468822293394994,0.8741128999326551,-0.13284779035727637,1.6845035657134733,0.18544426448173007,0.8120741489559615,0.28179763939576596,0
186,0.3006220256635496,-0.7745493310824032,-0.1412632983802448,-1.3240272714612102,0.8828246388933061,0.19561926270860913,0.08618601589892295,0.5473603243031719,0
433,-0.2266871423217023,-0.6188572870346276,-1.7170139817157748,-0.547336445142132,-0.8063456243594402,0.17526413363050578,-0.6088307205906969,0.5317255591166014,1
518,-0.9883559405226218,-0.5734628377376217,0.24719818309871425,-1.6398009771941422,0.8207418845087232,-3.050338902235053,-0.22661910173821123,2.6838160696123365,0
529,0.388506886994425,1.4609947024022443,0.17973634254364768,-0.9033858317186572,-0.8385092669851071,0.14792559353016477,-0.6523397244677881,-1.2230521260224978,1
299,2.0290242985040976,-0.7860277836557922,-0.8368853263051665,1.8374695023264853,-0.523621863329479,0.1481854618912845,5.265080613650273,0.6934390986201895,1
440,-0.5782265876452036,0.3050509225006694,0.4166215295755597,-0.28543977546429566,0.7578840801276533,0.20040616995174007,-0.7041900265717068,-0.9491612675100325,1
222,0.2713270718865912,0.4250755040757989,-0.29004140884779733,-1.1194435996231233,0.6424054552330477,0.1646866350904433,-0.7094395394595782,-2.0191322910747376,1
537,-0.3438669574295361,-0.4124259152669511,-0.3884711561597048,0.13153803813816647,0.8054827735207335,0.6254947401380706,-0.6904857653846218,-0.9247243756296049,0
454,-1.2520105245152477,0.08468988903263039,0.8995636687307461,-1.429660347932508,1.454601730327697,0.1337388169618947,-0.7064610577924398,-1.6571970272459493,0
291,0.5935715634331341,1.285692458857234,1.0021872108859888,0.9152504837428789,-1.2353463307696857,0.1384155759582525,-0.3499190698070887,-0.10532083503471011,1
150,2.7321031891511005,0.24482291920995994,-0.36236617279352806,-1.590119621414586,0.6245748168027763,0.15930284234989764,0.7915703620264068,1.0977261462913437,1
316,1.7653697145114717,1.2238213175246473,0.8759341804734478,0.096264462833714,-0.8732705276242146,0.18079302676711706,0.9063098544479765,-0.4308201140522652,1
167,-0.9297660329687049,-1.3456655354929572,-0.9162142044248958,0.5531598294313056,0.15966860669507543,0.1493672601424139,-0.49880426646432774,-0.40846955347602654,0
264,-0.13880228099082698,-1.3931726504389388,-1.3268933699319712,1.341966517962911,0.8940013197871413,0.1689140032605096,2.6471640891995007,1.930691185937662,0
066,-0.9297660329687049,-0.2750357022759071,-0.1662687505863459,-1.021825350732543,-0.25813688231217347,0.1960015823841727,-0.5857618228921344,-0.5506596115514087,1
149,1.384535315411012,0.48220495497264937,0.6578676677769703,-0.7947536039613409,-0.6140273685030536,0.18795552111186373,-0.160466944579797,-0.0721137356406126,1
130,-1.0176508942995803,-0.8482836258327151,-0.8888078966313998,0.23438632635655499,-0.16517355888762278,0.13085164003137587,-0.5885078391152796,0.33930552404448405,1
497,-0.8418811716378296,-1.0671737643414356,-0.8110686537253868,-0.5985469448805323,0.17580920919132745,0.14697932933764749,-0.5119600683861435,0.9976086985277369,0
219,0.15414725677875743,-1.3031414536193355,-1.6798002424962157,-1.734148691060209,-0.05650630923377909,0.19494569942841394,-0.5585864761889621,0.21747730227675025,0
358,2.8199880504819754,0.2256437562510771,-0.681504409949627,-1.4704771455663628,0.1617086109501472,0.17501197281441347,1.1490662220913221,2.361528461849889,1
343,0.35921193321746653,0.30221386673456,1.03876720023608,0.03372807661636092,-1.055299020022826,0.17021919305933542,0.9469269899188401,1.356083263963506,0
482,3.4644770335750614,0.5906166363155696,0.1224848035424182,-0.21404851571585534,0.20521834973975792,0.14458623291504988,0.5204631631883261,-0.7024544393389068,1
078,-0.6368164951991205,-2.1725888684681456,-2.929363030479051,0.8447921723575205,1.829266830493626,0.17871999012728498,4.952014679278994,0.8239117949704335,1
239,-0.4317518187604114,-1.543701543072502,-1.633291977503945,-0.31631291050076,1.961307921191176,0.18914737818890565,1.843441489392501,0.5654304579951747,0
503,-0.6075215414221621,-1.5113533676454924,-2.1892041118153753,0.2834794221419197,1.9886075371577496,-9.754274053957484,-0.6198596142221757,0.7378649879552808,0
200,0.2713270718865912,-0.01316123669825163,-0.5464940815941004,-0.47403422395232475,2.091257471692486,0.1955707199057502,-0.02684648598663507,0.8511973604691297,0
292,-1.1641256631843724,-1.4140557559315663,-1.2819733146848125,-1.230135897962257,-0.7560240841312186,0.14647550103487209,-0.4458329343349279,-0.042756952654146724,0
384,-1.0469458480765388,0.0020534554038692545,0.5035461382476806,-2.2494565717155823,2.4083678770645265,-0.3070846978565508,-0.6567289921676426,0.04530644302833511,0
342,-0.25598209609866074,-1.1209809377155737,-0.47878719489904176,0.5077941505463626,-0.11723357394394814,0.1453247317277607,-0.12377107599433035,-0.12575207613750797,0
170,-0.46104677253736986,-0.5456229702473,-0.19783728628611943,0.6532740617473441,0.34845009441184616,0.36247598284747756,0.5859839630367621,1.5504195988716258,0
175,-0.3438669574295361,-0.25561805414827593,0.06504516554634054,-0.4260879869579488,-0.7519205429103517,0.18758607458295695,0.4339277874685487,1.8498966878729628,0
197,-0.8711761254147881,-1.791320225068227,-2.356325112890117,1.5893325227469126,-1.0891798164495659,0.1589024281848543,-0.4154149678446205,-0.20452007265915695,1
333,0.388506886994425,1.6693575279859523,1.26903224841032,0.22676486268244128,1.6947861668067992,0.16449235133309328,-0.2604027722176652,-0.47911544353181856,0
531,0.41780184077138344,-0.6287020058416818,-0.6173185997798181,0.7166295543355018,-0.7776164135221533,0.19591983129929097,-0.4580691877933839,-0.9698735933783407,1
147,-0.2266871423217023,1.9291832775515467,1.2759652969195079,-0.4202970158207931,-0.5341961141575085,0.18304608228594552,-0.6800609054396476,-0.9314773455864501,1
065,0.3299169794405081,-1.561903252474309,-1.5570390227307729,1.82803068888634,-0.8427808389614037,0.15693688126263733,4.0890457105892155,0.17483207838792125,1
183,-0.666111448976079,-0.7108437817948279,-0.9545065231063589,-0.09939802537879407,0.4421427156536779,0.07744380519053823,-0.5920156957686095,-0.21273365591499774,0
532,-0.46104677253736986,-0.3196169760630987,-0.3069371608379366,0.18127352050005013,1.2434634853096682,0.21002099708001445,0.6647779988369887,0.20888862676795614,1
429,-1.2520105245152477,0.8718241519692306,1.1158774191476817,1.636147142417519,-0.48128328981127416,0.12031272841164246,0.1341971683917555,-2.05427537963302,0
456,-0.0802123734369101,1.4608666064444142,1.3371052290662564,0.7212104942426055,0.953280273174026,-0.6106586626984486,-0.3304219540001698,1.8842821970236898,1
408,-0.10950732721386854,-0.053902977240591746,0.47784995456328755,0.1485087638539643,-0.5992559848633081,0.1268205673542392,-0.4202286930698573,0.6103633918226951,1
160,1.6774848531805964,-1.0161144464175695,-1.1067272530278465,0.14822784477774392,1.7083566160909132,0.15468131707564323,0.6993688063810786,0.29414924509540313,0
270,2.3512687900506406,0.7269946963678835,0.014195459708067596,-1.514240161599917,-0.3759769841681646,0.18428772357386347,-0.3098791150953763,1.1695619695160617,1
114,0.7400463323179263,0.8579802916962997,-0.2881862651837803,-1.7694770700928588,0.3134569927604378,-0.2900931528325159,1.036983565652999,0.09151581965395268,1
195,0.007672487893965227,-1.0239192456323434,-1.149030210593728,0.6413462323040436,0.13645409244772377,0.062399161349304344,-0.5280808797576265,0.3495665291327685,0
519,0.7400463323179263,-1.235319916669068,-0.9007586984463474,-0.8835209347026842,0.12920301731770395,0.1566245000113059,-0.6442341096967205,-0.048592000340554026,1
057,-0.25598209609866074,-0.6482915124300029,-0.11776847121473033,0.8786488800946858,-0.8937191460262629,0.11077531938627137,0.7997654409281825,0.867819547792817,0
247,0.2713270718865912,-0.7816931538292621,-0.3845927755717847,-0.3959196524808985,1.1270340432223018,0.19039979947261437,-0.2842856199190972,-0.5465748128979854,0
092,-0.6954064027530373,-0.8891323795789068,-0.41219453932381817,-1.6842586208873382,0.7794995964438189,-1.0213491713059024,-0.2706981806911023,2.568784846161889,0
426,-1.1641256631843724,-0.4609570882106184,0.14357295679688564,-2.721054084575324,2.618062131060766,0.9448377969567266,-0.7302513661257407,-1.879791836567261,0
124,0.15414725677875743,-1.001608072477235,-0.36553366723957575,0.581646215875328,1.1062085901257874,0.2325229485844992,0.48143737406990045,0.7817273738505685,0
355,-0.13880228099082698,0.19384558476541092,0.7883215439020687,0.015258073801888861,-0.728109807191161,0.15355285913634584,0.08443967745525958,1.4346465270767432,0
279,0.8865211012027184,-0.9764069695033412,-1.9016946844652234,0.0890672168193327,-0.6669587390505997,0.14727973093608887,0.17574948125529916,-1.0241966542171004,0
311,1.384535315411012,-0.7896841036847282,-0.9686427273095928,1.4641478298000759,-0.3853382342429441,0.17211852647860115,1.0326147042720586,-0.50050955108367,1
232,-1.1641256631843724,-1.2234946906893038,-0.6558556803190686,-0.8150387060197225,-0.6196736473868895,0.17968371155849433,-0.7029364986091492,-0.7889487600221047,0
019,-0.6954064027530373,0.054209883899003,0.5508269399481209,0.42536347697534493,-0.5390405669122522,0.15133271716348004,-0.39391707728926034,0.35093464023645343,0
046,0.7400463323179263,1.4433526339427865,1.116753372004708,-0.4532824283111479,0.33272684156014853,0.20461371705749432,-0.3783692673835693,-1.016562097232038,0
038,0.5642766096561757,-0.6817012545197085,-0.21206943430049158,-1.564607951338747,0.9651939343679499,0.1954188655708522,2.4342278903340753,2.700311654183716,0
250,0.2127371643326743,-1.0701423076389596,-1.2151351224010691,-0.5927105772382133,-0.15053939343635592,0.21367116863209248,2.6582625304965886,2.0985571091246844,0
207,-0.6368164951991205,-1.8309586798198993,-2.489902596156194,0.8886329545635137,-0.46164415385200713,0.12664540844449532,-0.616694362821402,-0.22862042634330254,0
449,-0.13880228099082698,1.7741384444059913,1.0296279778664283,-0.2507690453266561,-0.1053990283168758,0.16532285946279446,-0.4708273380312014,-0.31941880249457216,1
154,1.6774848531805964,0.3518261902551166,0.7574203847237837,-0.5261275524690571,-0.34165728193560124,0.18500700174172774,2.802098919499515,1.5611403545372107,1
328,-0.7832912640839127,0.43201855464435085,0.2329394165643158,0.19339381665775082,1.214775422443538,-0.7626126581112933,-0.6013684528157649,0.24913388214966303,0
141,0.03696744167092367,-1.1734854586657337,-0.7473716423395209,-0.6618802253758088,0.08363569735708802,0.20990013772386626,0.18888632466978283,0.44105729071225913,0
064,-1.0176508942995803,-0.5341289426532138,0.23079046213983034,0.9191113947437693,-0.942804081681289,0.41923010471344874,-0.27916307309894023,0.11706443846261631,0
353,-0.050917419659951654,-0.5086774075674052,0.017173934544798635,1.0234579363647789,-0.4797631151035897,0.41485965350076853,0.5498295611144771,1.6556326994446846,0
274,1.911844483396264,-1.9944370765100505,-2.9975733409277927,1.3912293525044124,-1.0023479789982277,0.17002368822437255,0.8884560664524936,1.9754458157761225,1
075,2.439153651381516,-0.9322210398268963,-1.4661155354434032,-0.5781099664333991,-0.21582036617797493,0.15772990566925824,-0.4100160877139137,-0.06428601876528837,1
304,3.4644770335750614,1.8470394341091534,-0.5664803901109683,-0.5308075306752318,3.0570001539106877,-8.951463866816717,1.7749436851413825,4.353666529033979,1
263,1.531010084295804,0.20755787595041192,0.18001065408070918,-0.09939433905159924,1.5130911984636657,0.18787375584332927,1.4203656147632722,0.5517006951259075,0
401,2.0290242985040976,1.4306681869973084,0.23779292542906996,0.3166018711900238,-1.190760906269086,0.13382783367007944,1.0967352655219504,0.13463574000894757,1
054,-0.49034172631432826,-0.35971505388101993,-0.27087036342540805,-0.09218785513435823,-0.2716359159747754,0.1354540573086464,-0.4148098496434597,0.3707021297876938,0
464,-0.3438669574295361,-0.10995855517902092,-0.8390715648402775,-0.12770260687351784,0.8001546361739832,-10.432970086194391,-0.2541203702844328,2.6340089378479945,1
332,0.2713270718865912,-0.817215008814803,-1.3412998109020309,1.1300166305517139,-0.9423872325350144,0.15517448066512854,0.4539366526541999,1.4351077430506205,1
306,-0.46104677253736986,0.24633164133097024,0.81788941897572,0.25196679599725536,1.0933305074058828,0.1742655082708815,-0.44859120639661637,-0.9199656725011285,0
188,0.41780184077138344,-0.46160635420090323,-0.4236418907510997,1.4870426442339941,-1.0000306549627842,0.15155945656574993,0.0889855710666649,1.3538485682017782,1
424,-0.46104677253736986,-0.31265128906059725,0.1808734515459313,1.2034184964659562,-0.3338528188958048,0.1410679019230704,-0.22302487327504672,-0.7742206331860143,0
087,0.5642766096561757,-0.515243299946453,-0.4282433167750426,-1.6123057154848353,0.6107753654730053,0.1920697351937448,-0.6704312588910908,0.31552434348172287,1
199,-0.6075215414221621,2.0101479071424024,1.5173862365314932,-0.8602839421910836,-1.1558308025592905,0.17910213850156695,-0.6978152772107225,-1.3550265966758217,1
374,-0.6954064027530373,-0.5423665958836558,-0.36478866965182233,-1.4291829473372046,-0.05165696453580453,0.18142067863223832,-0.7182841913176062,-0.9963803150059809,0
413,-0.8125862178608712,-1.9152071834347035,-2.3205062651015513,-1.632879210816776,0.3961085839756632,-4.598172891691816,0.5921818919093136,3.205243609591428,1
008,-0.8711761254147881,0.27105013855343446,0.37981306173947343,2.188428189248392,-0.9512305594372312,0.09398968682267801,-0.5218846259574191,-0.6857800180704117,0
379,-1.1055357556304555,-0.5589946854092034,0.0742110741271177,0.15067684930790118,-0.8725889843750889,0.1708730519185154,-0.3579554176708476,0.43409562095089077,0
490,-1.2227155707382893,0.5703299658744098,1.3081722527956494,-0.8747072822394261,0.8598110853569404,0.19971354992474485,-0.7000957666112285,-1.2798628639173069,1
151,-0.9297660329687049,-0.651587549514301,-0.04786393807785286,-1.5898088837099014,-0.35565304974976425,0.17498651587196992,-0.3918624297571761,0.07406070011862043,0
336,-1.3106004320691647,-0.7321571445036513,0.12149455202620978,-1.2617696679812413,1.4935937470996614,0.10822740879617858,-0.6821753543100157,-0.35997925914364753,0
444,-0.6075215414221621,0.164315358600186,0.9228913638673335,-0.0003615687276220854,-1.1878088687522848,0.1501116020534375,1.0125319705935891,-1.0673495663371648,1
320,-0.8418811716378296,-0.6050194647157836,-0.07640950559289175,1.718345559625927,1.6575300553922938,0.1473295108112854,-0.025479839042627857,-0.14013788083994957,0
436,0.9744059625335938,0.5189947320133815,0.11996926402512266,-0.7364254640906943,-0.7477917790597586,0.1941988178638384,0.040176992964712374,0.296668618724146,1
252,-0.2852770498756192,0.8572664959319347,0.48223769785381965,0.6782056629656885,-0.22180039201636406,0.07279761108437939,-0.589913594354809,0.752974453793892,0
144,0.5349816558792172,-0.36205123620117086,0.19756080825974132,-0.18856953766978474,1.505089272430907,0.18998138603455406,0.10162543521483587,-1.4279275553755388,0
445,0.3299169794405081,-2.2915059365921135,-3.6344802431276073,-1.0815857165190055,0.65674796945551,0.06953764601873597,-0.21252766589094324,-0.4955269237765205,0
322,-0.6954064027530373,-0.10331233948121854,0.18881063853966376,0.8432993980041066,0.5989551228490535,0.11370437584132598,-0.48112053514797276,0.7459827886988846,0
081,-0.0802123734369101,0.5083116314404448,1.0186754334791202,-0.398416789099415,-0.7562238264272096,0.14746563615351418,-0.4997423177204379,0.5618369616978054,0
230,1.1501756851953444,0.9185403431551128,0.3660340925183047,0.5710092069638548,-0.7225974031065301,0.08094218064597493,0.3137522608591903,0.11553272864282094,1
060,-0.9590609867456633,-0.9459747179411045,-0.18827780042588516,0.7906044076730088,1.5102717392874714,-2.854641393894353,0.7016142197673904,4.973756246257379,0
042,-0.7832912640839127,-1.1775821426145654,-1.1128300483023343,-0.8792907217122751,0.27853664760352553,0.17682966367327005,-0.5144771721356677,0.4683726832516359,0
260,1.7946646682884302,1.44305131121832,0.24196271813945724,-0.02689559375342301,-0.578710849263058,0.19997416541063903,-0.33269193239627476,-2.1126797399236708,1
399,-0.3438669574295361,-0.8361442331991464,-0.15472746365182383,-0.690685020293799,0.5298278706909387,0.19064435104333127,-0.43274110567378776,-0.6755479338618734,0
524,1.6188949456266795,1.8288889706204567,1.623246347815969,-1.6556264997045913,0.12666047873269595,0.20894424013243057,2.2498513615550886,1.4998287583452714,0
297,0.5349816558792172,0.03740991556663665,-0.12873681088897912,2.0322820617302155,-0.87139074216827,0.14081515635789324,0.02561298796148533,0.6913466268146929,0
481,1.0329958700875106,0.6944869208890249,0.4046153669361678,-0.1552564747140194,0.5256347457797182,0.09317205405512695,-0.3371716484346503,-0.24534748847879617,1
037,-1.1641256631843724,-0.381967625570336,0.4629178637732925,-1.5788949096630425,0.7913671564541416,0.11746371272148169,-0.7045833991783326,-0.7737635212631057,0
346,1.443125222964929,1.6623361174567968,0.7847287751618928,-1.6892740400069743,0.10209311114757749,0.18885358011135286,-0.5714780742007668,-0.03580231649003161,1
340,-0.9297660329687049,0.24990835625372929,0.6942645892337387,3.002414931174873,0.939368480315391,0.08554425131057578,-0.3390089307595936,-0.04016579701801114,0
389,0.15414725677875743,-0.12464911509853453,-0.018115809078984427,-0.13911693977384582,0.9180543011642822,0.18515667595992236,-0.28710066563717224,0.37167004062338327,0
138,0.44709679454834184,-0.159039728815714,-1.3734950579830882,-1.2353247873931485,0.32409623933467163,0.19950608549036059,0.11785878537881606,-0.3752817698878647,1
435,-0.5489316338682452,-0.8390655025304703,-0.8852583578640699,0.23066917058944875,-0.45520588474449436,0.08258184555092647,-0.3658464786342972,0.008251196254579256,0
261,2.2926788824967237,2.3450012436521495,0.7068643945423366,-0.6623079511318845,1.2452563533374463,0.21554789800373572,2.3407765820981106,0.43737193032698396,1
237,-0.25598209609866074,1.052501329103879,1.3808625223679285,-1.1791968726312185,0.11637768039138242,0.20509251319364347,0.6313805137268459,3.24352231640783,0
187,-0.40245686498345296,1.139579966372973,1.4345981427575445,0.6038285415489415,-0.6371964602977797,0.1331933591109147,-0.5120797497637822,0.38991497767603284,1
496,-1.0176508942995803,-0.866448322472845,-0.39983895357389315,-0.13406238874805537,-0.7989435012592291,0.19671358727866423,-0.6584684522166506,-1.2800463566088942,1
202,-0.8711761254147881,0.8031575059702675,0.9062549296204987,1.1264767944480447,1.392397031260096,0.14148524873588927,-0.4279953345978364,0.034890219212490095,0
086,-0.7247013565299958,-0.14772220204330933,0.35829025919411517,0.5026112663347202,-1.1349297115821069,0.09723605168175595,-0.500329969749475,0.10820189578397743,0
198,-1.076240801853497,-0.0748747967585609,0.5637335615996439,0.8018590732215232,-1.1156189795205602,0.15237155305737868,-0.6093531837728816,-0.32085272015935073,0
184,0.06626239544788211,-0.3142437020741179,0.4576166284414131,0.30012812093363644,-1.2146335670870463,0.17354472100564514,0.439906304667183,0.20623840526773993,0
521,0.35921193321746653,-0.711510268865555,-1.0284506740509656,0.3450308638494565,-0.7661021547295508,0.06040300460174808,-0.11628044004530365,0.1589691264817766,1
015,0.6521614709870509,0.4255551750644074,-0.8418852617064814,-0.24303007806676233,-0.9093316481092548,0.1354922799892564,0.18346574878446048,-1.6610835683020693,0
522,-1.339895385846123,0.6001223960774758,1.2849300341233052,-1.3064928328574348,1.2768491539060216,1.0647081589623038,-0.733935357490455,-1.2123730850256622,0
045,0.06626239544788211,-0.08509072985303337,0.6139685768909998,1.5756564989533928,2.0474727118964524,-1.2303816926750375,-0.45851083440658624,-0.972064203343878,1
090,-0.050917419659951654,-0.5939969620319683,-0.11888035602074659,0.676533616725898,-1.0209334917491915,0.155949375481019,0.06770237292592099,0.5956109446193423,0
463,-1.339895385846123,-0.019590850451606343,0.7204649351105589,0.5676227105393978,-0.29575199540575536,0.11978182723028032,-0.6697473812675538,-0.488359351816027,0
022,-1.0469458480765388,-1.0481576236633343,-0.8880798450181389,0.0002207244079193408,1.4447915644673064,0.7590907615935454,-0.4586210360276211,0.27933315814660287,0
227,-0.10950732721386854,-0.7787024012324564,-0.48771226733896117,0.923090865668418,-0.3553253705651601,0.1558174001143215,0.5647442050136615,0.3470718181958414,0
053,-0.8418811716378296,-1.035009720865876,-0.5070811309244122,0.32054457896642935,-0.54827872668351,0.11528807171321873,-0.4419585186284549,-0.10916611141631238,0
140,1.2966504540801367,-0.45497296412131827,-1.0261938349962396,-0.6986986770474217,-0.7022010799283767,0.15705654972536978,0.7003422616016581,0.4013387872050923,1
280,-0.2852770498756192,-0.061761629933031054,0.6431667571023458,-0.5949014573088148,-0.23336068529842954,0.1696743856256161,-0.5956403856053912,-0.5023556860774268,0
507,-0.8418811716378296,-1.8717582940463047,-2.151240478630766,0.015985505354308746,-1.2958810240947929,0.17507537738116885,0.22735054892936768,-0.4977912738822684,1
323,-0.021622465882993214,-0.9639476811483904,-0.9805366424605917,0.010909428915661596,1.7758167285378665,0.1834842825301198,0.1385458750529062,-0.7432731381049632,0
240,0.5349816558792172,2.036462849905008,1.092397478393258,0.8246043792140821,-0.39099058707986506,0.6021910240151864,-0.29377134054706056,-0.35547054213524176,1
420,-0.4317518187604114,0.392615918452926,0.34676069912273266,-0.33409346226531783,-0.23415923586815082,0.19489741570420316,-0.40969054301848873,0.7513906169138674,0
462,0.41780184077138344,1.539312504701554,0.42984396293421856,0.44985042256372615,0.8554665957241578,0.15669578863017905,-0.35490342912612766,-0.8513484329399953,1
452,-0.7832912640839127,-0.4557503684829836,-0.49660806268408514,-0.37909676781226204,1.1422133863457813,0.0857262685607615,-0.7152092383665037,-0.9453491809128342,1
007,1.5017151305188459,1.9196704321953457,0.8290762045291216,-1.6923835549178765,-0.07866378642380488,0.20219419746441536,-0.3326101045083719,-0.3907894803226169,1
347,-0.13880228099082698,1.6839431621203793,0.573079931968992,0.08095933071410447,-0.48129544226611026,0.1389239727830415,-0.4092873681262893,0.10588945373662154,0
312,-0.5489316338682452,1.5820876162618844,1.4918858039056904,0.5894677803825378,-0.8622213643569852,0.15864155378346903,-0.14444673941803834,-0.7300874197263806,0
319,-0.9004710791917465,-0.694261742030505,-0.06183777386041049,0.8012425070424638,-0.4251276814894421,0.16853799889835405,-0.5134080750456441,-1.0889931350200488,0
455,-0.0802123734369101,0.9809571734209632,1.007405155246572,1.0112350882711747,-0.7475948437266886,0.13212275878158194,-0.5784095790237102,-0.5619122589630806,0
494,0.7400463323179263,0.8506528092530717,0.9452420430213382,-1.6881903821497168,0.3145628101283069,0.20959535668087392,0.4090236017012567,2.501248633568994,1
368,-0.6368164951991205,0.881567499985529,1.3699448064827966,-0.0999790116426625,-0.8403943727703511,0.124294123940591,-0.5695601028385323,-0.4055703493842523,0
533,0.8865211012027184,2.0400924776363794,1.222900926190825,0.49077363023813875,-0.5433831336648888,-0.8816057654110503,0.07088016302874013,1.0134783501163174,1
386,-0.021622465882993214,-0.16100741472999883,0.041010682104834155,1.8997942974892605,1.594602655753542,-0.3294176975712615,-0.5140233721773025,-0.4344773445621794,1
376,2.1462041136119314,1.2795004047811935,1.342169307117671,0.2987783390351328,-1.6164400874492517,0.14131064851394473,2.153419390207478,1.2608198360019545,1
544,-0.0802123734369101,-0.6298100236595958,-0.6881029425057726,-0.8622574189694774,-0.675380775029506,0.18913604762278338,-0.5963249654539207,-1.5080662687326734,1
470,-0.31457200365257765,-0.6234433366866106,-1.033518040788278,-1.0407800673661132,1.2850944949305476,0.20178518316550048,0.8480850653600281,-0.21076157855567462,0
072,0.15414725677875743,0.5706062549581562,0.5695301954576465,-1.7650532378929091,0.3872883149403296,0.18309770330027864,0.36380753428406243,0.7263107168647506,1
403,-0.16809723476778543,0.9839784901957793,0.9030305793720371,0.8304449898482247,-0.7517012186835836,0.10052676174254245,0.43990214825735025,0.6369608640833464,0
348,1.0915857776414275,-0.809091115319116,-0.5580310865527162,0.41837186298365436,1.796249145632122,0.15948284529553827,-0.2954225103720478,-1.3928604910344893,1
298,-0.5489316338682452,-0.17224540202491495,0.2618394704063201,0.9960648243791863,-0.36631064367411276,0.14843457708855254,-0.6063627255595676,-0.9290854927208541,0
235,-0.7247013565299958,0.7230820515612407,1.1855993431256093,0.5654412778780743,-0.7004685285377925,0.20191204605352323,-0.6321169696768396,-0.9469331189270234,0
056,-0.7832912640839127,-0.13846854304074854,0.1293398771058345,-0.09649468837411826,0.633477901907863,0.17945948148508095,-0.43986771105682854,-0.19306177546517125,0
324,-1.0469458480765388,-1.6863601863514175,-1.6576319867951692,-0.9978376577764004,0.23929862363284737,0.17319001975434645,-0.7329366835142677,-0.517717199123496,0
215,1.7653697145114717,-0.507353316398118,-0.046444716046103084,-0.23895683442960822,-0.834745003545939,0.17089293357199903,-0.2944601057651382,-0.26096590592721264,1
283,0.2713270718865912,-1.8105941473531468,-2.63186240658979,0.13373607416852204,2.4008127549556906,0.18643364960672348,0.04102514299823896,-0.13792006770460594,0
486,-0.8418811716378296,-0.2671776638756189,0.3520828575834757,-0.5189207028235492,0.05492315670069553,0.17565869237278053,0.5005512602453785,-0.3407660396374394,0
387,0.5349816558792172,-0.044903970880710395,0.27393489989235853,1.5843985186099356,0.32952398628513596,0.15265024388037557,-0.278171940252577,-0.7199936682687709,0
158,-0.2852770498756192,-0.8179830835160915,-0.019944231127732533,-0.07750097624825791,-0.8292621073961121,0.13280617977644874,-0.07965818362325951,1.0761858669673283,0
069,0.15414725677875743,0.6462651236860066,0.5949325531192843,1.9058575723867037,-0.9320502353406958,0.0947449473979823,-0.48658783925734483,0.03329179895764445,0
182,0.18344221055571588,0.9756723410478694,0.7289554789839571,-1.609420141308817,-0.19161061575270136,0.1955722012182586,-0.6815351676022511,-0.6455965958913152,1
003,-1.2520105245152477,-0.7633812819753737,-0.011384249844086418,0.36336851791040503,-1.0788313582696663,0.1749923835246549,-0.4366091693373872,-1.207744163509684,0
474,-0.7832912640839127,-0.9366590467114355,-0.5438884244891307,-0.11544276783242613,-1.0541531492794498,0.15846330551197912,-0.31731380781836693,0.7852820423962571,1
089,0.6228665172100925,1.107048584052425,1.060613505223,0.84210148831715,-1.0858459566347698,0.17108498624630075,0.06142558282336272,-1.6895190498811796,1
062,1.911844483396264,-0.19156610444004876,0.1659355119069851,1.3905918668667894,-0.66586538988797,0.2559050430854201,-0.3790750839170344,-0.25279151773478775,0
267,-0.6954064027530373,0.2135766484312928,0.010437543371433442,0.4320006581040486,-0.6065333063835588,0.12355752696318205,-0.4947565895856509,0.11147279377619672,1
117,-0.9004710791917465,-0.742283301528434,-0.475831824017331,-0.5409756803506247,2.433198217175581,-8.77535923793077,-0.6211588254027303,-0.10600929804754494,0
305,0.5642766096561757,-0.10597464994502592,0.46644730913538424,1.0341784845354782,-0.689650962020762,0.19775474159431203,0.00873614865313731,1.3911712808691055,0
044,-1.0176508942995803,-1.4683090208866372,-1.2146129282305707,-1.4070847063168657,0.04357223596094307,0.20273607859637677,-0.47215188236462047,-0.2754143958325898,0
296,5.3979439828543185,0.8318070954934252,0.4179613387924507,1.9349826388907272,-1.09146837573886,0.15349293503229194,-0.28720878111317855,-0.5353446902078813,1
393,-0.9297660329687049,-0.2816967353423919,0.24600670306783046,-2.003323557382285,1.237675790380663,0.2364051718119302,-0.598018616153636,-0.7910567601579963,0
289,-0.666111448976079,-0.6828141167520488,0.08215190188953407,0.18886145287176087,-1.2366564777469096,0.1613502157066701,-0.38142798074307194,0.6624067396888824,1
375,-0.0802123734369101,-0.48805131033866006,0.00803976621575869,1.2080525353846239,0.35593187208035587,0.16158469583851484,0.718751039769134,-0.22500276028986002,1
335,0.8572261474257601,0.7754511037749104,0.5912735405525094,0.9017787765516767,-1.1701870861615309,0.1510066044416268,0.34512411788651715,0.9048097092643326,1
103,1.0915857776414275,0.8765483598359775,0.8479941170554677,-0.005043184422285153,-0.8996405364799277,0.15452082648003057,0.11162087157270312,0.3283365777324319,1
135,-0.9004710791917465,-1.3505602943451924,-1.1007453700083405,-1.604304486773487,0.7752228594906078,-0.18282304919710143,-0.41387585637421936,-0.7374096708657693,0
012,0.8279311936488016,-0.949967802157799,-1.4989625127630257,-1.113076852186112,0.13580675345068263,0.14269204194217985,-0.5344802488811179,-0.4306195572161111,1
517,-0.19739218854474386,-0.19303295638377968,0.511793418690268,-0.19008713052960813,-0.3570143699321514,0.40589748373003953,-0.42863965003936155,-0.19060547349700266,1
067,-1.0176508942995803,-0.8529860017159828,0.03326028810482204,-0.5771067914227456,-0.8633371728542137,0.1654801755963868,-0.5179417457521528,-0.3831884855171631,0
047,0.2127371643326743,0.05705433150143995,0.3722995567158022,-1.2111045280319124,0.3713142356052773,-0.06679783236329827,0.9404356896330525,2.257267044687809,1
396,-0.050917419659951654,-0.44682546839190557,0.11633218666223087,-0.2876185637700326,0.2738711781074791,0.2115146203534354,-0.023318937744341857,0.6624974634686402,0
354,0.9451110087566353,0.23471575029798514,0.09655398985175169,0.5867171227409407,-1.1426981491010175,0.16265360586314317,-0.4657308236632556,-1.0124713976324249,0
020,-0.7539963103069542,0.23766833691918873,0.7333752115714394,-0.3605320930243538,-0.43823788527280916,0.14631401229088445,-0.5531002170680466,-0.46271660727927894,0
501,-0.46104677253736986,0.14339404490862226,0.0633309050954616,-0.07861627814576964,1.051342160424247,0.1740610921421291,-0.621121083027688,-0.14163753511774738,0
127,0.12485230300179899,-0.5075630282988327,-0.8742303351642833,-0.25694016311844337,-0.7921795853634264,0.19170854667293533,-0.5517908316233615,-0.779152909230189,0
163,0.41780184077138344,0.9881390094317511,0.015421015899575683,0.16046430034871537,-0.47158281291665305,0.16459307741423912,0.815154861287227,0.11621673814678424,1
410,-0.40245686498345296,-0.22158063553825558,0.22687640550929242,0.4627525662323355,-0.6648750577122935,0.0847457457092797,0.37694854950636086,0.5352666659400818,0
243,-0.9004710791917465,-0.4378792820561809,0.41112799707563613,-0.0428054114510263,-0.575305486799366,0.15773674319901856,-0.45778064994785617,-0.4368480484321962,0
526,-0.13880228099082698,0.48006372210283077,1.0036457241716217,-0.08538515173577103,0.4904427237841808,0.22550725705100258,-0.6107302566818987,0.0344968398421329,0
540,-0.2266871423217023,0.715534153384178,0.41840176511385424,0.5934575456459675,-0.6053312166296099,0.03031641774395855,-0.3887938657769661,-0.12042092032178431,1
196,-1.076240801853497,-0.2216407436986343,0.25128514326030577,0.34249345360163025,-0.4121134010871086,0.08391484300326639,-0.6021626752942043,-1.0085410098326149,0
480,-0.46104677253736986,-1.6429534282353755,-1.7169076970419586,-0.12961875959516128,0.3168978007468234,0.17601132736327224,0.7638756208803745,0.9605090633962132,0
441,-0.9297660329687049,0.7032862528854894,1.236335810634759,-0.17505146194507723,-0.6236713832607882,0.17873369033445793,-0.5759091041617921,-0.6561424754290919,1
525,1.3259454078570951,0.5339569052651127,0.514598878973081,-0.8245631596032654,0.018343213774175315,0.09259658078130437,1.8719798947353132,1.9465523745971731,1
475,1.853254575842347,0.3488369114042631,-0.0017619043016078605,0.0850062095915885,1.123071494809472,0.1799859131696603,2.462706569208151,0.823453104849891,1
359,0.7107513785409678,0.3009803602027863,0.8636984422495464,1.0731559890808708,1.5843589840039813,0.15526668445883296,5.75233314609241,1.516716364420694,0
282,-1.134830709407414,-0.8149579801934594,-0.5405212560261164,-0.012716032441079826,-0.1468147328208924,0.34387269144387816,-0.13321844665678936,0.7141177944912218,0
422,1.5603050380727626,-0.09018106050422228,-0.6781067249858818,1.024902506546366,-0.5491205964603113,0.16135694556763336,0.46168365275349615,0.6455091541303885,1
484,1.2673555003031782,-0.41602046413703875,-0.8057438570333522,0.5100290059209703,-0.3897858255250111,0.09088001319334528,0.5862799601529948,0.36461066043267665,1
076,-0.4317518187604114,-0.0067374026558238145,0.75381664879,0.3183318463881079,1.1483943999939132,0.18168053363115494,0.49953608443876024,0.4617080055990204,0
418,0.9451110087566353,0.13687286543356728,0.24438695766539664,-1.8348115626911203,0.5114999664293874,0.16035296647020011,-0.2912514053569845,1.1966759142675094,1
369,0.388506886994425,-1.376909755586494,-1.482439246565431,1.720152446244603,-0.2862573978974776,0.3966831006822457,-0.33913682707451204,-0.14889140653865768,0
031,-0.49034172631432826,-1.6962858884962337,-1.396677030686331,1.9488152641734595,-1.3466941409730562,0.168368718016479,-0.06929600347885917,0.15107853075016764,0
492,-0.3731619112064945,0.4873731242389055,0.9995703665248657,-0.3696907824313702,0.4955474463392465,0.1760308260803977,-0.5066029910308983,-1.08441919513411,0
383,-1.0176508942995803,0.6563899928549445,0.49317972862860343,0.582272816929852,0.8421675302260615,-0.6905372962006562,-0.6266482278760113,0.037229900875527834,1
233,-0.9297660329687049,0.8046973451208055,0.8615114823463144,-1.3023856409368506,-0.2938979028389989,0.14823328902403227,-0.7008165893197875,-1.6415398953463767,0
415,-0.9004710791917465,-0.8336399840854074,-0.9028403274998924,1.3717179397776593,-1.0663808781630832,0.1623082382898553,-0.2037253494128527,-0.4343231465114422,0
284,-0.46104677253736986,-1.455110867774925,-1.888875152535072,0.22712511469264013,1.5578466420486292,0.1541310215440617,-0.6736155983655885,-1.0375645188076403,0
153,-0.7832912640839127,1.6150066182733274,0.823844256282703,0.08766683373977317,-0.4544410059778199,0.1385632303853159,-0.5612891633136989,-1.086983965400791,1
249,0.18344221055571588,-0.7157608730728189,-0.30277395433460086,0.017367176687720663,-0.8214991416848835,0.3344838795050441,-0.6596420932090287,-0.24308655652053457,1
450,1.589599991849721,0.8088123050071673,-0.7002410792657523,-0.12942330776042585,-1.1986169587200612,0.1945133047877148,0.20756461509634355,-0.23825311638004823,1
029,0.9744059625335938,0.13712216424392468,0.8658129227861239,1.672497600343147,-0.862227830360839,0.2766988200855692,2.008177127714297,1.3468644472388158,1
485,-0.10950732721386854,-0.24579011511447504,0.463806865371602,1.6189918105181573,-1.166117704443563,0.13096317336199245,0.18977495339260944,1.4818740749109536,0
190,2.17549906738889,1.6517508636917804,1.229837674764353,0.18800385878448467,1.6641171080255306,0.18658641589564987,-0.1119333146968901,-2.0241694511733064,0
145,0.12485230300179899,-0.6758220341840452,0.010899805676609335,-0.7076871417432976,0.39853790130952366,0.03725572584357285,0.7576001225894398,1.4817299889373896,0
121,-0.25598209609866074,1.3752488506642968,0.1958989010310033,-0.9490035094217898,0.9370202275802162,-1.6228348510614166,-0.6878157962004776,-1.3723802873027267,1
126,-0.46104677253736986,-0.3168628647627725,0.2922753913754569,-0.23417704487782762,-1.112426878714926,0.18684278727741097,-0.51333574482746,-0.24499387377157145,0
381,0.09555734922484055,0.7625331430249065,0.3996216985336282,-2.273297933375163,1.8039126041519358,-5.3762902693108865,-0.5147024555702042,1.6047313254772546,1
535,-0.9297660329687049,-0.8892687414266723,-1.3419597343291894,0.16655799008535246,0.24664382606218904,0.016859176515131316,-0.5883744538415503,-0.8407502489701846,0
321,-0.9590609867456633,-0.35584587771280835,0.31976998429297504,0.24565339320815044,0.3560679086373155,0.15939583732391022,-0.5136421895003089,0.46475102710271443,0
400,-0.10950732721386854,0.8219488140672704,0.7730823774843346,-0.9087126752001218,1.1081757563873653,0.1574666864909979,-0.3314553135915923,0.5526086227105996,1
176,0.09555734922484055,0.10760752515181347,-0.24334197037065639,-0.5890593048333383,-1.033260914976718,0.18707559734796195,0.1632810402710025,0.46644124088957467,0
030,-0.5782265876452036,-0.32196673232515116,0.3355317227981266,-0.6958430448328033,0.41023322111722477,0.18477415165652092,0.3160346670121951,1.0965692644181668,0
104,-0.4317518187604114,1.1447102501282762,1.2267029612002618,0.04325538005734275,0.02378520266509344,0.13706910037179493,-0.2855330071592578,0.6253292997022779,0
159,-0.25598209609866074,-0.18516849102858557,-0.13190763093855518,0.01788697280692015,1.4993119543261553,0.1851247129475795,-0.7080238057701189,-0.25880261166223173,0
404,-0.13880228099082698,-1.3035087801383634,-1.7652126722921684,1.7299449890236132,-0.9799194463914257,0.17828587715443234,0.11483191339252412,0.31468524230486483,0
308,1.7653697145114717,-1.3115708221995805,-1.9543375638082467,-1.6458942066360647,0.29314506153567443,-0.9834638300809807,0.21329247561646794,-0.3524427777017815,1
155,-0.10950732721386854,2.0187645504197276,1.4959708692201907,0.4088892920489985,-0.4908475856627714,0.1830117199226961,0.27549350070336215,2.138161838211663,0
